,_packet_string,captured_length,DATA_LAYER,_field_prefix,_layer_name,addr,addr_oui,addr_oui_resolved,addr_resolved,dst,dst_ig,dst_lg,dst_oui,dst_oui_resolved,dst_resolved,ig,layer_name,lg,src,src_ig,src_lg,src_oui,src_oui_resolved,src_resolved,type,cap_len,encap_type,ignored,interface_description,interface_id,interface_name,len,marked,number,offset_shift,protocols,time,time_delta,time_delta_displayed,time_epoch,time_relative,highest_layer,checksum,checksum_status,dsfield,dsfield_dscp,dsfield_ecn,dst_host,flags,flags_df,flags_mf,flags_rb,frag_offset,hdr_len,host,id,proto,src_host,ttl,version,length,sniff_timestamp,,ack,ack_raw,analysis,analysis_bytes_in_flight,analysis_push_bytes_sent,completeness,dstport,flags_ack,flags_cwr,flags_ecn,flags_fin,flags_ns,flags_push,flags_res,flags_reset,flags_str,flags_syn,flags_urg,nxtseq,payload,port,segment_data,seq,seq_raw,srcport,stream,urgent_pointer,window_size,window_size_scalefactor,window_size_value,transport_layer,flow,hlim,ip_version,nxt,plen,tclass,tclass_dscp,tclass_ecn,_ws_expert,_ws_expert_group,_ws_expert_message,_ws_expert_severity,connection_syn,option_kind,option_len,options,options_mss,options_mss_val,options_nop,options_sack_perm,options_wscale,options_wscale_multiplier,options_wscale_shift,analysis_ack_rtt,analysis_acks_frame,options_sack,options_sack_count,options_sack_dsack,options_sack_dsack_le,options_sack_dsack_re,options_sack_le,options_sack_re,connection_synack,analysis_initial_rtt
0,"Packet (Length: 55)
",55,data,tls.,tls,192.168.1.65,12863738,Taicang T&W Electronics,c4:48:fa:02:49:70,151.101.120.193,0,0,12863738,Taicang T&W Electronics,c4:48:fa:02:49:70,0,tls,0,192.168.1.65,0,0,5028696,"Chicony Electronics Co., Ltd.",4c:bb:58:22:09:85,0x0800,55,1,0,Wi-Fi,0,\Device\NPF_{34FF6F81-D543-4DD1-86B8-7F59BCF8569A},1,0,1,0.000000000,eth:ethertype:ip:tcp:tls,"May 31, 2022 22:49:54.894552000 Nepal Standard Time",0.000000000,0.000000000,1654016694.894552000,0.000000000,TLS,0xee02,2,0x00,0,0,151.101.120.193,0x0010,1,0,0,0,20,192.168.1.65,0x53d9,6,192.168.1.65,128,4,55,1654016694.894552000,Timestamps,1,516463109,SEQ/ACK analysis,1,1,0,443,1,0,0,0,0,0,0,0,·······A····,0,0,2,00,64920,00,1,2885192102,64920,0,0,512,-1,512,TCP,,,,,,,,,,,,,,,,,,,,,,,,,,,,,,,,,,
1,"Packet (Length: 55)
",55,data,tls.,tls,192.168.1.65,12863738,Taicang T&W Electronics,c4:48:fa:02:49:70,151.101.120.193,0,0,12863738,Taicang T&W Electronics,c4:48:fa:02:49:70,0,tls,0,192.168.1.65,0,0,5028696,"Chicony Electronics Co., Ltd.",4c:bb:58:22:09:85,0x0800,55,1,0,Wi-Fi,0,\Device\NPF_{34FF6F81-D543-4DD1-86B8-7F59BCF8569A},1,0,1,0.000000000,eth:ethertype:ip:tcp:tls,"May 31, 2022 22:49:54.894552000 Nepal Standard Time",0.000000000,0.000000000,1654016694.894552000,0.000000000,TLS,0xee02,2,0x00,0,0,151.101.120.193,0x0010,1,0,0,0,20,192.168.1.65,0x53d9,6,192.168.1.65,128,4,55,1654016694.894552000,Timestamps,1,516463109,SEQ/ACK analysis,1,1,0,443,1,0,0,0,0,0,0,0,·······A····,0,0,2,00,64920,00,1,2885192102,64920,0,0,512,-1,512,TCP,,,,,,,,,,,,,,,,,,,,,,,,,,,,,,,,,,
2,"Packet (Length: 55)
",55,data,tls.,tls,192.168.1.65,12863738,Taicang T&W Electronics,c4:48:fa:02:49:70,151.101.120.193,0,0,12863738,Taicang T&W Electronics,c4:48:fa:02:49:70,0,tls,0,192.168.1.65,0,0,5028696,"Chicony Electronics Co., Ltd.",4c:bb:58:22:09:85,0x0800,55,1,0,Wi-Fi,0,\Device\NPF_{34FF6F81-D543-4DD1-86B8-7F59BCF8569A},1,0,1,0.000000000,eth:ethertype:ip:tcp:tls,"May 31, 2022 22:49:54.894552000 Nepal Standard Time",0.000000000,0.000000000,1654016694.894552000,0.000000000,TLS,0xee02,2,0x00,0,0,151.101.120.193,0x0010,1,0,0,0,20,192.168.1.65,0x53d9,6,192.168.1.65,128,4,55,1654016694.894552000,Timestamps,1,516463109,SEQ/ACK analysis,1,1,0,443,1,0,0,0,0,0,0,0,·······A····,0,0,2,00,64920,00,1,2885192102,64920,0,0,512,-1,512,TCP,,,,,,,,,,,,,,,,,,,,,,,,,,,,,,,,,,
3,"Packet (Length: 55)
",55,data,tls.,tls,192.168.1.65,12863738,Taicang T&W Electronics,c4:48:fa:02:49:70,151.101.120.193,0,0,12863738,Taicang T&W Electronics,c4:48:fa:02:49:70,0,tls,0,192.168.1.65,0,0,5028696,"Chicony Electronics Co., Ltd.",4c:bb:58:22:09:85,0x0800,55,1,0,Wi-Fi,0,\Device\NPF_{34FF6F81-D543-4DD1-86B8-7F59BCF8569A},1,0,1,0.000000000,eth:ethertype:ip:tcp:tls,"May 31, 2022 22:49:54.894552000 Nepal Standard Time",0.000000000,0.000000000,1654016694.894552000,0.000000000,TLS,0xee02,2,0x00,0,0,151.101.120.193,0x0010,1,0,0,0,20,192.168.1.65,0x53d9,6,192.168.1.65,128,4,55,1654016694.894552000,Timestamps,1,516463109,SEQ/ACK analysis,1,1,0,443,1,0,0,0,0,0,0,0,·······A····,0,0,2,00,64920,00,1,2885192102,64920,0,0,512,-1,512,TCP,,,,,,,,,,,,,,,,,,,,,,,,,,,,,,,,,,
4,"Packet (Length: 55)
",55,data,tls.,tls,192.168.1.65,12863738,Taicang T&W Electronics,c4:48:fa:02:49:70,151.101.120.193,0,0,12863738,Taicang T&W Electronics,c4:48:fa:02:49:70,0,tls,0,192.168.1.65,0,0,5028696,"Chicony Electronics Co., Ltd.",4c:bb:58:22:09:85,0x0800,55,1,0,Wi-Fi,0,\Device\NPF_{34FF6F81-D543-4DD1-86B8-7F59BCF8569A},1,0,1,0.000000000,eth:ethertype:ip:tcp:tls,"May 31, 2022 22:49:54.894552000 Nepal Standard Time",0.000000000,0.000000000,1654016694.894552000,0.000000000,TLS,0xee02,2,0x00,0,0,151.101.120.193,0x0010,1,0,0,0,20,192.168.1.65,0x53d9,6,192.168.1.65,128,4,55,1654016694.894552000,Timestamps,1,516463109,SEQ/ACK analysis,1,1,0,443,1,0,0,0,0,0,0,0,·······A····,0,0,2,00,64920,00,1,2885192102,64920,0,0,512,-1,512,TCP,,,,,,,,,,,,,,,,,,,,,,,,,,,,,,,,,,
5,"Packet (Length: 55)
",55,data,tls.,tls,192.168.1.65,12863738,Taicang T&W Electronics,c4:48:fa:02:49:70,151.101.120.193,0,0,12863738,Taicang T&W Electronics,c4:48:fa:02:49:70,0,tls,0,192.168.1.65,0,0,5028696,"Chicony Electronics Co., Ltd.",4c:bb:58:22:09:85,0x0800,55,1,0,Wi-Fi,0,\Device\NPF_{34FF6F81-D543-4DD1-86B8-7F59BCF8569A},1,0,1,0.000000000,eth:ethertype:ip:tcp:tls,"May 31, 2022 22:49:54.894552000 Nepal Standard Time",0.000000000,0.000000000,1654016694.894552000,0.000000000,TLS,0xee02,2,0x00,0,0,151.101.120.193,0x0010,1,0,0,0,20,192.168.1.65,0x53d9,6,192.168.1.65,128,4,55,1654016694.894552000,Timestamps,1,516463109,SEQ/ACK analysis,1,1,0,443,1,0,0,0,0,0,0,0,·······A····,0,0,2,00,64920,00,1,2885192102,64920,0,0,512,-1,512,TCP,,,,,,,,,,,,,,,,,,,,,,,,,,,,,,,,,,
6,"Packet (Length: 55)
",55,data,tls.,tls,192.168.1.65,12863738,Taicang T&W Electronics,c4:48:fa:02:49:70,151.101.120.193,0,0,12863738,Taicang T&W Electronics,c4:48:fa:02:49:70,0,tls,0,192.168.1.65,0,0,5028696,"Chicony Electronics Co., Ltd.",4c:bb:58:22:09:85,0x0800,55,1,0,Wi-Fi,0,\Device\NPF_{34FF6F81-D543-4DD1-86B8-7F59BCF8569A},1,0,1,0.000000000,eth:ethertype:ip:tcp:tls,"May 31, 2022 22:49:54.894552000 Nepal Standard Time",0.000000000,0.000000000,1654016694.894552000,0.000000000,TLS,0xee02,2,0x00,0,0,151.101.120.193,0x0010,1,0,0,0,20,192.168.1.65,0x53d9,6,192.168.1.65,128,4,55,1654016694.894552000,Timestamps,1,516463109,SEQ/ACK analysis,1,1,0,443,1,0,0,0,0,0,0,0,·······A····,0,0,2,00,64920,00,1,2885192102,64920,0,0,512,-1,512,TCP,,,,,,,,,,,,,,,,,,,,,,,,,,,,,,,,,,
7,"Packet (Length: 55)
",55,data,tls.,tls,192.168.1.65,12863738,Taicang T&W Electronics,c4:48:fa:02:49:70,151.101.120.193,0,0,12863738,Taicang T&W Electronics,c4:48:fa:02:49:70,0,tls,0,192.168.1.65,0,0,5028696,"Chicony Electronics Co., Ltd.",4c:bb:58:22:09:85,0x0800,55,1,0,Wi-Fi,0,\Device\NPF_{34FF6F81-D543-4DD1-86B8-7F59BCF8569A},1,0,1,0.000000000,eth:ethertype:ip:tcp:tls,"May 31, 2022 22:49:54.894552000 Nepal Standard Time",0.000000000,0.000000000,1654016694.894552000,0.000000000,TLS,0xee02,2,0x00,0,0,151.101.120.193,0x0010,1,0,0,0,20,192.168.1.65,0x53d9,6,192.168.1.65,128,4,55,1654016694.894552000,Timestamps,1,516463109,SEQ/ACK analysis,1,1,0,443,1,0,0,0,0,0,0,0,·······A····,0,0,2,00,64920,00,1,2885192102,64920,0,0,512,-1,512,TCP,,,,,,,,,,,,,,,,,,,,,,,,,,,,,,,,,,
8,"Packet (Length: 55)
",55,data,tls.,tls,192.168.1.65,12863738,Taicang T&W Electronics,c4:48:fa:02:49:70,151.101.120.193,0,0,12863738,Taicang T&W Electronics,c4:48:fa:02:49:70,0,tls,0,192.168.1.65,0,0,5028696,"Chicony Electronics Co., Ltd.",4c:bb:58:22:09:85,0x0800,55,1,0,Wi-Fi,0,\Device\NPF_{34FF6F81-D543-4DD1-86B8-7F59BCF8569A},1,0,1,0.000000000,eth:ethertype:ip:tcp:tls,"May 31, 2022 22:49:54.894552000 Nepal Standard Time",0.000000000,0.000000000,1654016694.894552000,0.000000000,TLS,0xee02,2,0x00,0,0,151.101.120.193,0x0010,1,0,0,0,20,192.168.1.65,0x53d9,6,192.168.1.65,128,4,55,1654016694.894552000,Timestamps,1,516463109,SEQ/ACK analysis,1,1,0,443,1,0,0,0,0,0,0,0,·······A····,0,0,2,00,64920,00,1,2885192102,64920,0,0,512,-1,512,TCP,,,,,,,,,,,,,,,,,,,,,,,,,,,,,,,,,,
9,"Packet (Length: 55)
",55,data,tls.,tls,192.168.1.65,12863738,Taicang T&W Electronics,c4:48:fa:02:49:70,151.101.120.193,0,0,12863738,Taicang T&W Electronics,c4:48:fa:02:49:70,0,tls,0,192.168.1.65,0,0,5028696,"Chicony Electronics Co., Ltd.",4c:bb:58:22:09:85,0x0800,55,1,0,Wi-Fi,0,\Device\NPF_{34FF6F81-D543-4DD1-86B8-7F59BCF8569A},1,0,1,0.000000000,eth:ethertype:ip:tcp:tls,"May 31, 2022 22:49:54.894552000 Nepal Standard Time",0.000000000,0.000000000,1654016694.894552000,0.000000000,TLS,0xee02,2,0x00,0,0,151.101.120.193,0x0010,1,0,0,0,20,192.168.1.65,0x53d9,6,192.168.1.65,128,4,55,1654016694.894552000,Timestamps,1,516463109,SEQ/ACK analysis,1,1,0,443,1,0,0,0,0,0,0,0,·······A····,0,0,2,00,64920,00,1,2885192102,64920,0,0,512,-1,512,TCP,,,,,,,,,,,,,,,,,,,,,,,,,,,,,,,,,,
10,"Packet (Length: 55)
",55,data,tls.,tls,192.168.1.65,12863738,Taicang T&W Electronics,c4:48:fa:02:49:70,151.101.120.193,0,0,12863738,Taicang T&W Electronics,c4:48:fa:02:49:70,0,tls,0,192.168.1.65,0,0,5028696,"Chicony Electronics Co., Ltd.",4c:bb:58:22:09:85,0x0800,55,1,0,Wi-Fi,0,\Device\NPF_{34FF6F81-D543-4DD1-86B8-7F59BCF8569A},1,0,1,0.000000000,eth:ethertype:ip:tcp:tls,"May 31, 2022 22:49:54.894552000 Nepal Standard Time",0.000000000,0.000000000,1654016694.894552000,0.000000000,TLS,0xee02,2,0x00,0,0,151.101.120.193,0x0010,1,0,0,0,20,192.168.1.65,0x53d9,6,192.168.1.65,128,4,55,1654016694.894552000,Timestamps,1,516463109,SEQ/ACK analysis,1,1,0,443,1,0,0,0,0,0,0,0,·······A····,0,0,2,00,64920,00,1,2885192102,64920,0,0,512,-1,512,TCP,,,,,,,,,,,,,,,,,,,,,,,,,,,,,,,,,,
11,"Packet (Length: 55)
",55,data,tls.,tls,192.168.1.65,12863738,Taicang T&W Electronics,c4:48:fa:02:49:70,151.101.120.193,0,0,12863738,Taicang T&W Electronics,c4:48:fa:02:49:70,0,tls,0,192.168.1.65,0,0,5028696,"Chicony Electronics Co., Ltd.",4c:bb:58:22:09:85,0x0800,55,1,0,Wi-Fi,0,\Device\NPF_{34FF6F81-D543-4DD1-86B8-7F59BCF8569A},1,0,1,0.000000000,eth:ethertype:ip:tcp:tls,"May 31, 2022 22:49:54.894552000 Nepal Standard Time",0.000000000,0.000000000,1654016694.894552000,0.000000000,TLS,0xee02,2,0x00,0,0,151.101.120.193,0x0010,1,0,0,0,20,192.168.1.65,0x53d9,6,192.168.1.65,128,4,55,1654016694.894552000,Timestamps,1,516463109,SEQ/ACK analysis,1,1,0,443,1,0,0,0,0,0,0,0,·······A····,0,0,2,00,64920,00,1,2885192102,64920,0,0,512,-1,512,TCP,,,,,,,,,,,,,,,,,,,,,,,,,,,,,,,,,,
12,"Packet (Length: 55)
",55,data,tls.,tls,192.168.1.65,12863738,Taicang T&W Electronics,c4:48:fa:02:49:70,151.101.120.193,0,0,12863738,Taicang T&W Electronics,c4:48:fa:02:49:70,0,tls,0,192.168.1.65,0,0,5028696,"Chicony Electronics Co., Ltd.",4c:bb:58:22:09:85,0x0800,55,1,0,Wi-Fi,0,\Device\NPF_{34FF6F81-D543-4DD1-86B8-7F59BCF8569A},1,0,1,0.000000000,eth:ethertype:ip:tcp:tls,"May 31, 2022 22:49:54.894552000 Nepal Standard Time",0.000000000,0.000000000,1654016694.894552000,0.000000000,TLS,0xee02,2,0x00,0,0,151.101.120.193,0x0010,1,0,0,0,20,192.168.1.65,0x53d9,6,192.168.1.65,128,4,55,1654016694.894552000,Timestamps,1,516463109,SEQ/ACK analysis,1,1,0,443,1,0,0,0,0,0,0,0,·······A····,0,0,2,00,64920,00,1,2885192102,64920,0,0,512,-1,512,TCP,,,,,,,,,,,,,,,,,,,,,,,,,,,,,,,,,,
13,"Packet (Length: 55)
",55,data,tls.,tls,192.168.1.65,12863738,Taicang T&W Electronics,c4:48:fa:02:49:70,151.101.120.193,0,0,12863738,Taicang T&W Electronics,c4:48:fa:02:49:70,0,tls,0,192.168.1.65,0,0,5028696,"Chicony Electronics Co., Ltd.",4c:bb:58:22:09:85,0x0800,55,1,0,Wi-Fi,0,\Device\NPF_{34FF6F81-D543-4DD1-86B8-7F59BCF8569A},1,0,1,0.000000000,eth:ethertype:ip:tcp:tls,"May 31, 2022 22:49:54.894552000 Nepal Standard Time",0.000000000,0.000000000,1654016694.894552000,0.000000000,TLS,0xee02,2,0x00,0,0,151.101.120.193,0x0010,1,0,0,0,20,192.168.1.65,0x53d9,6,192.168.1.65,128,4,55,1654016694.894552000,Timestamps,1,516463109,SEQ/ACK analysis,1,1,0,443,1,0,0,0,0,0,0,0,·······A····,0,0,2,00,64920,00,1,2885192102,64920,0,0,512,-1,512,TCP,,,,,,,,,,,,,,,,,,,,,,,,,,,,,,,,,,
14,"Packet (Length: 55)
",55,data,tls.,tls,192.168.1.65,12863738,Taicang T&W Electronics,c4:48:fa:02:49:70,151.101.120.193,0,0,12863738,Taicang T&W Electronics,c4:48:fa:02:49:70,0,tls,0,192.168.1.65,0,0,5028696,"Chicony Electronics Co., Ltd.",4c:bb:58:22:09:85,0x0800,55,1,0,Wi-Fi,0,\Device\NPF_{34FF6F81-D543-4DD1-86B8-7F59BCF8569A},1,0,1,0.000000000,eth:ethertype:ip:tcp:tls,"May 31, 2022 22:49:54.894552000 Nepal Standard Time",0.000000000,0.000000000,1654016694.894552000,0.000000000,TLS,0xee02,2,0x00,0,0,151.101.120.193,0x0010,1,0,0,0,20,192.168.1.65,0x53d9,6,192.168.1.65,128,4,55,1654016694.894552000,Timestamps,1,516463109,SEQ/ACK analysis,1,1,0,443,1,0,0,0,0,0,0,0,·······A····,0,0,2,00,64920,00,1,2885192102,64920,0,0,512,-1,512,TCP,,,,,,,,,,,,,,,,,,,,,,,,,,,,,,,,,,
15,"Packet (Length: 55)
",55,data,tls.,tls,192.168.1.65,12863738,Taicang T&W Electronics,c4:48:fa:02:49:70,151.101.120.193,0,0,12863738,Taicang T&W Electronics,c4:48:fa:02:49:70,0,tls,0,192.168.1.65,0,0,5028696,"Chicony Electronics Co., Ltd.",4c:bb:58:22:09:85,0x0800,55,1,0,Wi-Fi,0,\Device\NPF_{34FF6F81-D543-4DD1-86B8-7F59BCF8569A},1,0,1,0.000000000,eth:ethertype:ip:tcp:tls,"May 31, 2022 22:49:54.894552000 Nepal Standard Time",0.000000000,0.000000000,1654016694.894552000,0.000000000,TLS,0xee02,2,0x00,0,0,151.101.120.193,0x0010,1,0,0,0,20,192.168.1.65,0x53d9,6,192.168.1.65,128,4,55,1654016694.894552000,Timestamps,1,516463109,SEQ/ACK analysis,1,1,0,443,1,0,0,0,0,0,0,0,·······A····,0,0,2,00,64920,00,1,2885192102,64920,0,0,512,-1,512,TCP,,,,,,,,,,,,,,,,,,,,,,,,,,,,,,,,,,
16,"Packet (Length: 55)
",55,data,tls.,tls,192.168.1.65,12863738,Taicang T&W Electronics,c4:48:fa:02:49:70,151.101.120.193,0,0,12863738,Taicang T&W Electronics,c4:48:fa:02:49:70,0,tls,0,192.168.1.65,0,0,5028696,"Chicony Electronics Co., Ltd.",4c:bb:58:22:09:85,0x0800,55,1,0,Wi-Fi,0,\Device\NPF_{34FF6F81-D543-4DD1-86B8-7F59BCF8569A},1,0,1,0.000000000,eth:ethertype:ip:tcp:tls,"May 31, 2022 22:49:54.894552000 Nepal Standard Time",0.000000000,0.000000000,1654016694.894552000,0.000000000,TLS,0xee02,2,0x00,0,0,151.101.120.193,0x0010,1,0,0,0,20,192.168.1.65,0x53d9,6,192.168.1.65,128,4,55,1654016694.894552000,Timestamps,1,516463109,SEQ/ACK analysis,1,1,0,443,1,0,0,0,0,0,0,0,·······A····,0,0,2,00,64920,00,1,2885192102,64920,0,0,512,-1,512,TCP,,,,,,,,,,,,,,,,,,,,,,,,,,,,,,,,,,
17,"Packet (Length: 55)
",55,data,tls.,tls,192.168.1.65,12863738,Taicang T&W Electronics,c4:48:fa:02:49:70,151.101.120.193,0,0,12863738,Taicang T&W Electronics,c4:48:fa:02:49:70,0,tls,0,192.168.1.65,0,0,5028696,"Chicony Electronics Co., Ltd.",4c:bb:58:22:09:85,0x0800,55,1,0,Wi-Fi,0,\Device\NPF_{34FF6F81-D543-4DD1-86B8-7F59BCF8569A},1,0,1,0.000000000,eth:ethertype:ip:tcp:tls,"May 31, 2022 22:49:54.894552000 Nepal Standard Time",0.000000000,0.000000000,1654016694.894552000,0.000000000,TLS,0xee02,2,0x00,0,0,151.101.120.193,0x0010,1,0,0,0,20,192.168.1.65,0x53d9,6,192.168.1.65,128,4,55,1654016694.894552000,Timestamps,1,516463109,SEQ/ACK analysis,1,1,0,443,1,0,0,0,0,0,0,0,·······A····,0,0,2,00,64920,00,1,2885192102,64920,0,0,512,-1,512,TCP,,,,,,,,,,,,,,,,,,,,,,,,,,,,,,,,,,
18,"Packet (Length: 55)
",55,data,tls.,tls,192.168.1.65,12863738,Taicang T&W Electronics,c4:48:fa:02:49:70,151.101.120.193,0,0,12863738,Taicang T&W Electronics,c4:48:fa:02:49:70,0,tls,0,192.168.1.65,0,0,5028696,"Chicony Electronics Co., Ltd.",4c:bb:58:22:09:85,0x0800,55,1,0,Wi-Fi,0,\Device\NPF_{34FF6F81-D543-4DD1-86B8-7F59BCF8569A},1,0,1,0.000000000,eth:ethertype:ip:tcp:tls,"May 31, 2022 22:49:54.894552000 Nepal Standard Time",0.000000000,0.000000000,1654016694.894552000,0.000000000,TLS,0xee02,2,0x00,0,0,151.101.120.193,0x0010,1,0,0,0,20,192.168.1.65,0x53d9,6,192.168.1.65,128,4,55,1654016694.894552000,Timestamps,1,516463109,SEQ/ACK analysis,1,1,0,443,1,0,0,0,0,0,0,0,·······A····,0,0,2,00,64920,00,1,2885192102,64920,0,0,512,-1,512,TCP,,,,,,,,,,,,,,,,,,,,,,,,,,,,,,,,,,
19,"Packet (Length: 86)
",86,data,tcp.,tcp,2400:1a00:b040:4c18:4da6:e41a:197f:3b19,12863738,Taicang T&W Electronics,c4:48:fa:02:49:70,2620:1ec:c11::200,0,0,12863738,Taicang T&W Electronics,c4:48:fa:02:49:70,0,tcp,0,2400:1a00:b040:4c18:4da6:e41a:197f:3b19,0,0,5028696,"Chicony Electronics Co., Ltd.",4c:bb:58:22:09:85,0x86dd,86,1,0,Wi-Fi,0,\Device\NPF_{34FF6F81-D543-4DD1-86B8-7F59BCF8569A},0,0,2,0.000000000,eth:ethertype:ipv6:tcp,"May 31, 2022 22:49:55.061844000 Nepal Standard Time",0.000000000,0.167292000,1654016695.061844000,0.000000000,TCP,0xbb76,2,,,,2620:1ec:c11::200,0x0002,,,,,32,2400:1a00:b040:4c18:4da6:e41a:197f:3b19,,,2400:1a00:b040:4c18:4da6:e41a:197f:3b19,,6,86,1654016695.061844000,Timestamps,0,0,,,,0,443,0,0,0,0,0,0,0,0,··········S·,1,0,1,,64947,,0,295742415,64947,1,0,65535,,65535,TCP,0x07dee1,64,6,6,32,0x00000000,0,0,Expert Info (Chat/Sequence): Connection establish request (SYN): server port 443,33554432,Connection establish request (SYN): server port 443,2097152,Connection establish request (SYN): server port 443,2,4,02:04:05:a0:01:03:03:08:01:01:04:02,02:04:05:a0,1440,01,04:02,03:03:08,256,8,,,,,,,,,,,
20,"Packet (Length: 86)
",86,data,tcp.,tcp,2400:1a00:b040:4c18:4da6:e41a:197f:3b19,12863738,Taicang T&W Electronics,c4:48:fa:02:49:70,2620:1ec:c11::200,0,0,12863738,Taicang T&W Electronics,c4:48:fa:02:49:70,0,tcp,0,2400:1a00:b040:4c18:4da6:e41a:197f:3b19,0,0,5028696,"Chicony Electronics Co., Ltd.",4c:bb:58:22:09:85,0x86dd,86,1,0,Wi-Fi,0,\Device\NPF_{34FF6F81-D543-4DD1-86B8-7F59BCF8569A},0,0,2,0.000000000,eth:ethertype:ipv6:tcp,"May 31, 2022 22:49:55.061844000 Nepal Standard Time",0.000000000,0.167292000,1654016695.061844000,0.000000000,TCP,0xbb76,2,,,,2620:1ec:c11::200,0x0002,,,,,32,2400:1a00:b040:4c18:4da6:e41a:197f:3b19,,,2400:1a00:b040:4c18:4da6:e41a:197f:3b19,,6,86,1654016695.061844000,Timestamps,0,0,,,,0,443,0,0,0,0,0,0,0,0,··········S·,1,0,1,,64947,,0,295742415,64947,1,0,65535,,65535,TCP,0x07dee1,64,6,6,32,0x00000000,0,0,Expert Info (Chat/Sequence): Connection establish request (SYN): server port 443,33554432,Connection establish request (SYN): server port 443,2097152,Connection establish request (SYN): server port 443,2,4,02:04:05:a0:01:03:03:08:01:01:04:02,02:04:05:a0,1440,01,04:02,03:03:08,256,8,,,,,,,,,,,
21,"Packet (Length: 86)
",86,data,tcp.,tcp,2400:1a00:b040:4c18:4da6:e41a:197f:3b19,12863738,Taicang T&W Electronics,c4:48:fa:02:49:70,2620:1ec:c11::200,0,0,12863738,Taicang T&W Electronics,c4:48:fa:02:49:70,0,tcp,0,2400:1a00:b040:4c18:4da6:e41a:197f:3b19,0,0,5028696,"Chicony Electronics Co., Ltd.",4c:bb:58:22:09:85,0x86dd,86,1,0,Wi-Fi,0,\Device\NPF_{34FF6F81-D543-4DD1-86B8-7F59BCF8569A},0,0,2,0.000000000,eth:ethertype:ipv6:tcp,"May 31, 2022 22:49:55.061844000 Nepal Standard Time",0.000000000,0.167292000,1654016695.061844000,0.000000000,TCP,0xbb76,2,,,,2620:1ec:c11::200,0x0002,,,,,32,2400:1a00:b040:4c18:4da6:e41a:197f:3b19,,,2400:1a00:b040:4c18:4da6:e41a:197f:3b19,,6,86,1654016695.061844000,Timestamps,0,0,,,,0,443,0,0,0,0,0,0,0,0,··········S·,1,0,1,,64947,,0,295742415,64947,1,0,65535,,65535,TCP,0x07dee1,64,6,6,32,0x00000000,0,0,Expert Info (Chat/Sequence): Connection establish request (SYN): server port 443,33554432,Connection establish request (SYN): server port 443,2097152,Connection establish request (SYN): server port 443,2,4,02:04:05:a0:01:03:03:08:01:01:04:02,02:04:05:a0,1440,01,04:02,03:03:08,256,8,,,,,,,,,,,
22,"Packet (Length: 86)
",86,data,tcp.,tcp,2400:1a00:b040:4c18:4da6:e41a:197f:3b19,12863738,Taicang T&W Electronics,c4:48:fa:02:49:70,2620:1ec:c11::200,0,0,12863738,Taicang T&W Electronics,c4:48:fa:02:49:70,0,tcp,0,2400:1a00:b040:4c18:4da6:e41a:197f:3b19,0,0,5028696,"Chicony Electronics Co., Ltd.",4c:bb:58:22:09:85,0x86dd,86,1,0,Wi-Fi,0,\Device\NPF_{34FF6F81-D543-4DD1-86B8-7F59BCF8569A},0,0,2,0.000000000,eth:ethertype:ipv6:tcp,"May 31, 2022 22:49:55.061844000 Nepal Standard Time",0.000000000,0.167292000,1654016695.061844000,0.000000000,TCP,0xbb76,2,,,,2620:1ec:c11::200,0x0002,,,,,32,2400:1a00:b040:4c18:4da6:e41a:197f:3b19,,,2400:1a00:b040:4c18:4da6:e41a:197f:3b19,,6,86,1654016695.061844000,Timestamps,0,0,,,,0,443,0,0,0,0,0,0,0,0,··········S·,1,0,1,,64947,,0,295742415,64947,1,0,65535,,65535,TCP,0x07dee1,64,6,6,32,0x00000000,0,0,Expert Info (Chat/Sequence): Connection establish request (SYN): server port 443,33554432,Connection establish request (SYN): server port 443,2097152,Connection establish request (SYN): server port 443,2,4,02:04:05:a0:01:03:03:08:01:01:04:02,02:04:05:a0,1440,01,04:02,03:03:08,256,8,,,,,,,,,,,
23,"Packet (Length: 86)
",86,data,tcp.,tcp,2400:1a00:b040:4c18:4da6:e41a:197f:3b19,12863738,Taicang T&W Electronics,c4:48:fa:02:49:70,2620:1ec:c11::200,0,0,12863738,Taicang T&W Electronics,c4:48:fa:02:49:70,0,tcp,0,2400:1a00:b040:4c18:4da6:e41a:197f:3b19,0,0,5028696,"Chicony Electronics Co., Ltd.",4c:bb:58:22:09:85,0x86dd,86,1,0,Wi-Fi,0,\Device\NPF_{34FF6F81-D543-4DD1-86B8-7F59BCF8569A},0,0,2,0.000000000,eth:ethertype:ipv6:tcp,"May 31, 2022 22:49:55.061844000 Nepal Standard Time",0.000000000,0.167292000,1654016695.061844000,0.000000000,TCP,0xbb76,2,,,,2620:1ec:c11::200,0x0002,,,,,32,2400:1a00:b040:4c18:4da6:e41a:197f:3b19,,,2400:1a00:b040:4c18:4da6:e41a:197f:3b19,,6,86,1654016695.061844000,Timestamps,0,0,,,,0,443,0,0,0,0,0,0,0,0,··········S·,1,0,1,,64947,,0,295742415,64947,1,0,65535,,65535,TCP,0x07dee1,64,6,6,32,0x00000000,0,0,Expert Info (Chat/Sequence): Connection establish request (SYN): server port 443,33554432,Connection establish request (SYN): server port 443,2097152,Connection establish request (SYN): server port 443,2,4,02:04:05:a0:01:03:03:08:01:01:04:02,02:04:05:a0,1440,01,04:02,03:03:08,256,8,,,,,,,,,,,
24,"Packet (Length: 86)
",86,data,tcp.,tcp,2400:1a00:b040:4c18:4da6:e41a:197f:3b19,12863738,Taicang T&W Electronics,c4:48:fa:02:49:70,2620:1ec:c11::200,0,0,12863738,Taicang T&W Electronics,c4:48:fa:02:49:70,0,tcp,0,2400:1a00:b040:4c18:4da6:e41a:197f:3b19,0,0,5028696,"Chicony Electronics Co., Ltd.",4c:bb:58:22:09:85,0x86dd,86,1,0,Wi-Fi,0,\Device\NPF_{34FF6F81-D543-4DD1-86B8-7F59BCF8569A},0,0,2,0.000000000,eth:ethertype:ipv6:tcp,"May 31, 2022 22:49:55.061844000 Nepal Standard Time",0.000000000,0.167292000,1654016695.061844000,0.000000000,TCP,0xbb76,2,,,,2620:1ec:c11::200,0x0002,,,,,32,2400:1a00:b040:4c18:4da6:e41a:197f:3b19,,,2400:1a00:b040:4c18:4da6:e41a:197f:3b19,,6,86,1654016695.061844000,Timestamps,0,0,,,,0,443,0,0,0,0,0,0,0,0,··········S·,1,0,1,,64947,,0,295742415,64947,1,0,65535,,65535,TCP,0x07dee1,64,6,6,32,0x00000000,0,0,Expert Info (Chat/Sequence): Connection establish request (SYN): server port 443,33554432,Connection establish request (SYN): server port 443,2097152,Connection establish request (SYN): server port 443,2,4,02:04:05:a0:01:03:03:08:01:01:04:02,02:04:05:a0,1440,01,04:02,03:03:08,256,8,,,,,,,,,,,
25,"Packet (Length: 86)
",86,data,tcp.,tcp,2400:1a00:b040:4c18:4da6:e41a:197f:3b19,12863738,Taicang T&W Electronics,c4:48:fa:02:49:70,2620:1ec:c11::200,0,0,12863738,Taicang T&W Electronics,c4:48:fa:02:49:70,0,tcp,0,2400:1a00:b040:4c18:4da6:e41a:197f:3b19,0,0,5028696,"Chicony Electronics Co., Ltd.",4c:bb:58:22:09:85,0x86dd,86,1,0,Wi-Fi,0,\Device\NPF_{34FF6F81-D543-4DD1-86B8-7F59BCF8569A},0,0,2,0.000000000,eth:ethertype:ipv6:tcp,"May 31, 2022 22:49:55.061844000 Nepal Standard Time",0.000000000,0.167292000,1654016695.061844000,0.000000000,TCP,0xbb76,2,,,,2620:1ec:c11::200,0x0002,,,,,32,2400:1a00:b040:4c18:4da6:e41a:197f:3b19,,,2400:1a00:b040:4c18:4da6:e41a:197f:3b19,,6,86,1654016695.061844000,Timestamps,0,0,,,,0,443,0,0,0,0,0,0,0,0,··········S·,1,0,1,,64947,,0,295742415,64947,1,0,65535,,65535,TCP,0x07dee1,64,6,6,32,0x00000000,0,0,Expert Info (Chat/Sequence): Connection establish request (SYN): server port 443,33554432,Connection establish request (SYN): server port 443,2097152,Connection establish request (SYN): server port 443,2,4,02:04:05:a0:01:03:03:08:01:01:04:02,02:04:05:a0,1440,01,04:02,03:03:08,256,8,,,,,,,,,,,
26,"Packet (Length: 86)
",86,data,tcp.,tcp,2400:1a00:b040:4c18:4da6:e41a:197f:3b19,12863738,Taicang T&W Electronics,c4:48:fa:02:49:70,2620:1ec:c11::200,0,0,12863738,Taicang T&W Electronics,c4:48:fa:02:49:70,0,tcp,0,2400:1a00:b040:4c18:4da6:e41a:197f:3b19,0,0,5028696,"Chicony Electronics Co., Ltd.",4c:bb:58:22:09:85,0x86dd,86,1,0,Wi-Fi,0,\Device\NPF_{34FF6F81-D543-4DD1-86B8-7F59BCF8569A},0,0,2,0.000000000,eth:ethertype:ipv6:tcp,"May 31, 2022 22:49:55.061844000 Nepal Standard Time",0.000000000,0.167292000,1654016695.061844000,0.000000000,TCP,0xbb76,2,,,,2620:1ec:c11::200,0x0002,,,,,32,2400:1a00:b040:4c18:4da6:e41a:197f:3b19,,,2400:1a00:b040:4c18:4da6:e41a:197f:3b19,,6,86,1654016695.061844000,Timestamps,0,0,,,,0,443,0,0,0,0,0,0,0,0,··········S·,1,0,1,,64947,,0,295742415,64947,1,0,65535,,65535,TCP,0x07dee1,64,6,6,32,0x00000000,0,0,Expert Info (Chat/Sequence): Connection establish request (SYN): server port 443,33554432,Connection establish request (SYN): server port 443,2097152,Connection establish request (SYN): server port 443,2,4,02:04:05:a0:01:03:03:08:01:01:04:02,02:04:05:a0,1440,01,04:02,03:03:08,256,8,,,,,,,,,,,
27,"Packet (Length: 86)
",86,data,tcp.,tcp,2400:1a00:b040:4c18:4da6:e41a:197f:3b19,12863738,Taicang T&W Electronics,c4:48:fa:02:49:70,2620:1ec:c11::200,0,0,12863738,Taicang T&W Electronics,c4:48:fa:02:49:70,0,tcp,0,2400:1a00:b040:4c18:4da6:e41a:197f:3b19,0,0,5028696,"Chicony Electronics Co., Ltd.",4c:bb:58:22:09:85,0x86dd,86,1,0,Wi-Fi,0,\Device\NPF_{34FF6F81-D543-4DD1-86B8-7F59BCF8569A},0,0,2,0.000000000,eth:ethertype:ipv6:tcp,"May 31, 2022 22:49:55.061844000 Nepal Standard Time",0.000000000,0.167292000,1654016695.061844000,0.000000000,TCP,0xbb76,2,,,,2620:1ec:c11::200,0x0002,,,,,32,2400:1a00:b040:4c18:4da6:e41a:197f:3b19,,,2400:1a00:b040:4c18:4da6:e41a:197f:3b19,,6,86,1654016695.061844000,Timestamps,0,0,,,,0,443,0,0,0,0,0,0,0,0,··········S·,1,0,1,,64947,,0,295742415,64947,1,0,65535,,65535,TCP,0x07dee1,64,6,6,32,0x00000000,0,0,Expert Info (Chat/Sequence): Connection establish request (SYN): server port 443,33554432,Connection establish request (SYN): server port 443,2097152,Connection establish request (SYN): server port 443,2,4,02:04:05:a0:01:03:03:08:01:01:04:02,02:04:05:a0,1440,01,04:02,03:03:08,256,8,,,,,,,,,,,
28,"Packet (Length: 86)
",86,data,tcp.,tcp,2400:1a00:b040:4c18:4da6:e41a:197f:3b19,12863738,Taicang T&W Electronics,c4:48:fa:02:49:70,2620:1ec:c11::200,0,0,12863738,Taicang T&W Electronics,c4:48:fa:02:49:70,0,tcp,0,2400:1a00:b040:4c18:4da6:e41a:197f:3b19,0,0,5028696,"Chicony Electronics Co., Ltd.",4c:bb:58:22:09:85,0x86dd,86,1,0,Wi-Fi,0,\Device\NPF_{34FF6F81-D543-4DD1-86B8-7F59BCF8569A},0,0,2,0.000000000,eth:ethertype:ipv6:tcp,"May 31, 2022 22:49:55.061844000 Nepal Standard Time",0.000000000,0.167292000,1654016695.061844000,0.000000000,TCP,0xbb76,2,,,,2620:1ec:c11::200,0x0002,,,,,32,2400:1a00:b040:4c18:4da6:e41a:197f:3b19,,,2400:1a00:b040:4c18:4da6:e41a:197f:3b19,,6,86,1654016695.061844000,Timestamps,0,0,,,,0,443,0,0,0,0,0,0,0,0,··········S·,1,0,1,,64947,,0,295742415,64947,1,0,65535,,65535,TCP,0x07dee1,64,6,6,32,0x00000000,0,0,Expert Info (Chat/Sequence): Connection establish request (SYN): server port 443,33554432,Connection establish request (SYN): server port 443,2097152,Connection establish request (SYN): server port 443,2,4,02:04:05:a0:01:03:03:08:01:01:04:02,02:04:05:a0,1440,01,04:02,03:03:08,256,8,,,,,,,,,,,
29,"Packet (Length: 86)
",86,data,tcp.,tcp,2400:1a00:b040:4c18:4da6:e41a:197f:3b19,12863738,Taicang T&W Electronics,c4:48:fa:02:49:70,2620:1ec:c11::200,0,0,12863738,Taicang T&W Electronics,c4:48:fa:02:49:70,0,tcp,0,2400:1a00:b040:4c18:4da6:e41a:197f:3b19,0,0,5028696,"Chicony Electronics Co., Ltd.",4c:bb:58:22:09:85,0x86dd,86,1,0,Wi-Fi,0,\Device\NPF_{34FF6F81-D543-4DD1-86B8-7F59BCF8569A},0,0,2,0.000000000,eth:ethertype:ipv6:tcp,"May 31, 2022 22:49:55.061844000 Nepal Standard Time",0.000000000,0.167292000,1654016695.061844000,0.000000000,TCP,0xbb76,2,,,,2620:1ec:c11::200,0x0002,,,,,32,2400:1a00:b040:4c18:4da6:e41a:197f:3b19,,,2400:1a00:b040:4c18:4da6:e41a:197f:3b19,,6,86,1654016695.061844000,Timestamps,0,0,,,,0,443,0,0,0,0,0,0,0,0,··········S·,1,0,1,,64947,,0,295742415,64947,1,0,65535,,65535,TCP,0x07dee1,64,6,6,32,0x00000000,0,0,Expert Info (Chat/Sequence): Connection establish request (SYN): server port 443,33554432,Connection establish request (SYN): server port 443,2097152,Connection establish request (SYN): server port 443,2,4,02:04:05:a0:01:03:03:08:01:01:04:02,02:04:05:a0,1440,01,04:02,03:03:08,256,8,,,,,,,,,,,
30,"Packet (Length: 86)
",86,data,tcp.,tcp,2400:1a00:b040:4c18:4da6:e41a:197f:3b19,12863738,Taicang T&W Electronics,c4:48:fa:02:49:70,2620:1ec:c11::200,0,0,12863738,Taicang T&W Electronics,c4:48:fa:02:49:70,0,tcp,0,2400:1a00:b040:4c18:4da6:e41a:197f:3b19,0,0,5028696,"Chicony Electronics Co., Ltd.",4c:bb:58:22:09:85,0x86dd,86,1,0,Wi-Fi,0,\Device\NPF_{34FF6F81-D543-4DD1-86B8-7F59BCF8569A},0,0,2,0.000000000,eth:ethertype:ipv6:tcp,"May 31, 2022 22:49:55.061844000 Nepal Standard Time",0.000000000,0.167292000,1654016695.061844000,0.000000000,TCP,0xbb76,2,,,,2620:1ec:c11::200,0x0002,,,,,32,2400:1a00:b040:4c18:4da6:e41a:197f:3b19,,,2400:1a00:b040:4c18:4da6:e41a:197f:3b19,,6,86,1654016695.061844000,Timestamps,0,0,,,,0,443,0,0,0,0,0,0,0,0,··········S·,1,0,1,,64947,,0,295742415,64947,1,0,65535,,65535,TCP,0x07dee1,64,6,6,32,0x00000000,0,0,Expert Info (Chat/Sequence): Connection establish request (SYN): server port 443,33554432,Connection establish request (SYN): server port 443,2097152,Connection establish request (SYN): server port 443,2,4,02:04:05:a0:01:03:03:08:01:01:04:02,02:04:05:a0,1440,01,04:02,03:03:08,256,8,,,,,,,,,,,
31,"Packet (Length: 86)
",86,data,tcp.,tcp,2400:1a00:b040:4c18:4da6:e41a:197f:3b19,12863738,Taicang T&W Electronics,c4:48:fa:02:49:70,2620:1ec:c11::200,0,0,12863738,Taicang T&W Electronics,c4:48:fa:02:49:70,0,tcp,0,2400:1a00:b040:4c18:4da6:e41a:197f:3b19,0,0,5028696,"Chicony Electronics Co., Ltd.",4c:bb:58:22:09:85,0x86dd,86,1,0,Wi-Fi,0,\Device\NPF_{34FF6F81-D543-4DD1-86B8-7F59BCF8569A},0,0,2,0.000000000,eth:ethertype:ipv6:tcp,"May 31, 2022 22:49:55.061844000 Nepal Standard Time",0.000000000,0.167292000,1654016695.061844000,0.000000000,TCP,0xbb76,2,,,,2620:1ec:c11::200,0x0002,,,,,32,2400:1a00:b040:4c18:4da6:e41a:197f:3b19,,,2400:1a00:b040:4c18:4da6:e41a:197f:3b19,,6,86,1654016695.061844000,Timestamps,0,0,,,,0,443,0,0,0,0,0,0,0,0,··········S·,1,0,1,,64947,,0,295742415,64947,1,0,65535,,65535,TCP,0x07dee1,64,6,6,32,0x00000000,0,0,Expert Info (Chat/Sequence): Connection establish request (SYN): server port 443,33554432,Connection establish request (SYN): server port 443,2097152,Connection establish request (SYN): server port 443,2,4,02:04:05:a0:01:03:03:08:01:01:04:02,02:04:05:a0,1440,01,04:02,03:03:08,256,8,,,,,,,,,,,
32,"Packet (Length: 86)
",86,data,tcp.,tcp,2400:1a00:b040:4c18:4da6:e41a:197f:3b19,12863738,Taicang T&W Electronics,c4:48:fa:02:49:70,2620:1ec:c11::200,0,0,12863738,Taicang T&W Electronics,c4:48:fa:02:49:70,0,tcp,0,2400:1a00:b040:4c18:4da6:e41a:197f:3b19,0,0,5028696,"Chicony Electronics Co., Ltd.",4c:bb:58:22:09:85,0x86dd,86,1,0,Wi-Fi,0,\Device\NPF_{34FF6F81-D543-4DD1-86B8-7F59BCF8569A},0,0,2,0.000000000,eth:ethertype:ipv6:tcp,"May 31, 2022 22:49:55.061844000 Nepal Standard Time",0.000000000,0.167292000,1654016695.061844000,0.000000000,TCP,0xbb76,2,,,,2620:1ec:c11::200,0x0002,,,,,32,2400:1a00:b040:4c18:4da6:e41a:197f:3b19,,,2400:1a00:b040:4c18:4da6:e41a:197f:3b19,,6,86,1654016695.061844000,Timestamps,0,0,,,,0,443,0,0,0,0,0,0,0,0,··········S·,1,0,1,,64947,,0,295742415,64947,1,0,65535,,65535,TCP,0x07dee1,64,6,6,32,0x00000000,0,0,Expert Info (Chat/Sequence): Connection establish request (SYN): server port 443,33554432,Connection establish request (SYN): server port 443,2097152,Connection establish request (SYN): server port 443,2,4,02:04:05:a0:01:03:03:08:01:01:04:02,02:04:05:a0,1440,01,04:02,03:03:08,256,8,,,,,,,,,,,
33,"Packet (Length: 86)
",86,data,tcp.,tcp,2400:1a00:b040:4c18:4da6:e41a:197f:3b19,12863738,Taicang T&W Electronics,c4:48:fa:02:49:70,2620:1ec:c11::200,0,0,12863738,Taicang T&W Electronics,c4:48:fa:02:49:70,0,tcp,0,2400:1a00:b040:4c18:4da6:e41a:197f:3b19,0,0,5028696,"Chicony Electronics Co., Ltd.",4c:bb:58:22:09:85,0x86dd,86,1,0,Wi-Fi,0,\Device\NPF_{34FF6F81-D543-4DD1-86B8-7F59BCF8569A},0,0,2,0.000000000,eth:ethertype:ipv6:tcp,"May 31, 2022 22:49:55.061844000 Nepal Standard Time",0.000000000,0.167292000,1654016695.061844000,0.000000000,TCP,0xbb76,2,,,,2620:1ec:c11::200,0x0002,,,,,32,2400:1a00:b040:4c18:4da6:e41a:197f:3b19,,,2400:1a00:b040:4c18:4da6:e41a:197f:3b19,,6,86,1654016695.061844000,Timestamps,0,0,,,,0,443,0,0,0,0,0,0,0,0,··········S·,1,0,1,,64947,,0,295742415,64947,1,0,65535,,65535,TCP,0x07dee1,64,6,6,32,0x00000000,0,0,Expert Info (Chat/Sequence): Connection establish request (SYN): server port 443,33554432,Connection establish request (SYN): server port 443,2097152,Connection establish request (SYN): server port 443,2,4,02:04:05:a0:01:03:03:08:01:01:04:02,02:04:05:a0,1440,01,04:02,03:03:08,256,8,,,,,,,,,,,
34,"Packet (Length: 86)
",86,data,tcp.,tcp,2400:1a00:b040:4c18:4da6:e41a:197f:3b19,12863738,Taicang T&W Electronics,c4:48:fa:02:49:70,2620:1ec:c11::200,0,0,12863738,Taicang T&W Electronics,c4:48:fa:02:49:70,0,tcp,0,2400:1a00:b040:4c18:4da6:e41a:197f:3b19,0,0,5028696,"Chicony Electronics Co., Ltd.",4c:bb:58:22:09:85,0x86dd,86,1,0,Wi-Fi,0,\Device\NPF_{34FF6F81-D543-4DD1-86B8-7F59BCF8569A},0,0,2,0.000000000,eth:ethertype:ipv6:tcp,"May 31, 2022 22:49:55.061844000 Nepal Standard Time",0.000000000,0.167292000,1654016695.061844000,0.000000000,TCP,0xbb76,2,,,,2620:1ec:c11::200,0x0002,,,,,32,2400:1a00:b040:4c18:4da6:e41a:197f:3b19,,,2400:1a00:b040:4c18:4da6:e41a:197f:3b19,,6,86,1654016695.061844000,Timestamps,0,0,,,,0,443,0,0,0,0,0,0,0,0,··········S·,1,0,1,,64947,,0,295742415,64947,1,0,65535,,65535,TCP,0x07dee1,64,6,6,32,0x00000000,0,0,Expert Info (Chat/Sequence): Connection establish request (SYN): server port 443,33554432,Connection establish request (SYN): server port 443,2097152,Connection establish request (SYN): server port 443,2,4,02:04:05:a0:01:03:03:08:01:01:04:02,02:04:05:a0,1440,01,04:02,03:03:08,256,8,,,,,,,,,,,
35,"Packet (Length: 86)
",86,data,tcp.,tcp,2400:1a00:b040:4c18:4da6:e41a:197f:3b19,12863738,Taicang T&W Electronics,c4:48:fa:02:49:70,2620:1ec:c11::200,0,0,12863738,Taicang T&W Electronics,c4:48:fa:02:49:70,0,tcp,0,2400:1a00:b040:4c18:4da6:e41a:197f:3b19,0,0,5028696,"Chicony Electronics Co., Ltd.",4c:bb:58:22:09:85,0x86dd,86,1,0,Wi-Fi,0,\Device\NPF_{34FF6F81-D543-4DD1-86B8-7F59BCF8569A},0,0,2,0.000000000,eth:ethertype:ipv6:tcp,"May 31, 2022 22:49:55.061844000 Nepal Standard Time",0.000000000,0.167292000,1654016695.061844000,0.000000000,TCP,0xbb76,2,,,,2620:1ec:c11::200,0x0002,,,,,32,2400:1a00:b040:4c18:4da6:e41a:197f:3b19,,,2400:1a00:b040:4c18:4da6:e41a:197f:3b19,,6,86,1654016695.061844000,Timestamps,0,0,,,,0,443,0,0,0,0,0,0,0,0,··········S·,1,0,1,,64947,,0,295742415,64947,1,0,65535,,65535,TCP,0x07dee1,64,6,6,32,0x00000000,0,0,Expert Info (Chat/Sequence): Connection establish request (SYN): server port 443,33554432,Connection establish request (SYN): server port 443,2097152,Connection establish request (SYN): server port 443,2,4,02:04:05:a0:01:03:03:08:01:01:04:02,02:04:05:a0,1440,01,04:02,03:03:08,256,8,,,,,,,,,,,
36,"Packet (Length: 86)
",86,data,tcp.,tcp,2400:1a00:b040:4c18:4da6:e41a:197f:3b19,12863738,Taicang T&W Electronics,c4:48:fa:02:49:70,2620:1ec:c11::200,0,0,12863738,Taicang T&W Electronics,c4:48:fa:02:49:70,0,tcp,0,2400:1a00:b040:4c18:4da6:e41a:197f:3b19,0,0,5028696,"Chicony Electronics Co., Ltd.",4c:bb:58:22:09:85,0x86dd,86,1,0,Wi-Fi,0,\Device\NPF_{34FF6F81-D543-4DD1-86B8-7F59BCF8569A},0,0,2,0.000000000,eth:ethertype:ipv6:tcp,"May 31, 2022 22:49:55.061844000 Nepal Standard Time",0.000000000,0.167292000,1654016695.061844000,0.000000000,TCP,0xbb76,2,,,,2620:1ec:c11::200,0x0002,,,,,32,2400:1a00:b040:4c18:4da6:e41a:197f:3b19,,,2400:1a00:b040:4c18:4da6:e41a:197f:3b19,,6,86,1654016695.061844000,Timestamps,0,0,,,,0,443,0,0,0,0,0,0,0,0,··········S·,1,0,1,,64947,,0,295742415,64947,1,0,65535,,65535,TCP,0x07dee1,64,6,6,32,0x00000000,0,0,Expert Info (Chat/Sequence): Connection establish request (SYN): server port 443,33554432,Connection establish request (SYN): server port 443,2097152,Connection establish request (SYN): server port 443,2,4,02:04:05:a0:01:03:03:08:01:01:04:02,02:04:05:a0,1440,01,04:02,03:03:08,256,8,,,,,,,,,,,
37,"Packet (Length: 66)
",66,data,tcp.,tcp,151.101.120.193,5028696,"Chicony Electronics Co., Ltd.",4c:bb:58:22:09:85,192.168.1.65,0,0,5028696,"Chicony Electronics Co., Ltd.",4c:bb:58:22:09:85,0,tcp,0,151.101.120.193,0,0,12863738,Taicang T&W Electronics,c4:48:fa:02:49:70,0x0800,66,1,0,Wi-Fi,0,\Device\NPF_{34FF6F81-D543-4DD1-86B8-7F59BCF8569A},0,0,3,0.000000000,eth:ethertype:ip:tcp,"May 31, 2022 22:49:55.080603000 Nepal Standard Time",0.186051000,0.018759000,1654016695.080603000,0.186051000,TCP,0x4d8a,2,0x00,0,0,192.168.1.65,0x0010,1,0,0,0,32,151.101.120.193,0xd9f9,6,151.101.120.193,50,4,66,1654016695.080603000,D-SACK Sequence,2,2885192103,SEQ/ACK analysis,,,0,64920,1,0,0,0,0,0,0,0,·······A····,0,0,1,,443,,1,516463109,443,0,0,290,-1,290,TCP,,,,,,,,,Expert Info (Warning/Sequence): D-SACK Sequence,33554432,D-SACK Sequence,6291456,,1,10,01:01:05:0a:ab:f8:89:a6:ab:f8:89:a7,,,01,,,,,0.186051000,1,05:0a:ab:f8:89:a6:ab:f8:89:a7,1,D-SACK Sequence,1,2,1,2,,
38,"Packet (Length: 66)
",66,data,tcp.,tcp,151.101.120.193,5028696,"Chicony Electronics Co., Ltd.",4c:bb:58:22:09:85,192.168.1.65,0,0,5028696,"Chicony Electronics Co., Ltd.",4c:bb:58:22:09:85,0,tcp,0,151.101.120.193,0,0,12863738,Taicang T&W Electronics,c4:48:fa:02:49:70,0x0800,66,1,0,Wi-Fi,0,\Device\NPF_{34FF6F81-D543-4DD1-86B8-7F59BCF8569A},0,0,3,0.000000000,eth:ethertype:ip:tcp,"May 31, 2022 22:49:55.080603000 Nepal Standard Time",0.186051000,0.018759000,1654016695.080603000,0.186051000,TCP,0x4d8a,2,0x00,0,0,192.168.1.65,0x0010,1,0,0,0,32,151.101.120.193,0xd9f9,6,151.101.120.193,50,4,66,1654016695.080603000,D-SACK Sequence,2,2885192103,SEQ/ACK analysis,,,0,64920,1,0,0,0,0,0,0,0,·······A····,0,0,1,,443,,1,516463109,443,0,0,290,-1,290,TCP,,,,,,,,,Expert Info (Warning/Sequence): D-SACK Sequence,33554432,D-SACK Sequence,6291456,,1,10,01:01:05:0a:ab:f8:89:a6:ab:f8:89:a7,,,01,,,,,0.186051000,1,05:0a:ab:f8:89:a6:ab:f8:89:a7,1,D-SACK Sequence,1,2,1,2,,
39,"Packet (Length: 66)
",66,data,tcp.,tcp,151.101.120.193,5028696,"Chicony Electronics Co., Ltd.",4c:bb:58:22:09:85,192.168.1.65,0,0,5028696,"Chicony Electronics Co., Ltd.",4c:bb:58:22:09:85,0,tcp,0,151.101.120.193,0,0,12863738,Taicang T&W Electronics,c4:48:fa:02:49:70,0x0800,66,1,0,Wi-Fi,0,\Device\NPF_{34FF6F81-D543-4DD1-86B8-7F59BCF8569A},0,0,3,0.000000000,eth:ethertype:ip:tcp,"May 31, 2022 22:49:55.080603000 Nepal Standard Time",0.186051000,0.018759000,1654016695.080603000,0.186051000,TCP,0x4d8a,2,0x00,0,0,192.168.1.65,0x0010,1,0,0,0,32,151.101.120.193,0xd9f9,6,151.101.120.193,50,4,66,1654016695.080603000,D-SACK Sequence,2,2885192103,SEQ/ACK analysis,,,0,64920,1,0,0,0,0,0,0,0,·······A····,0,0,1,,443,,1,516463109,443,0,0,290,-1,290,TCP,,,,,,,,,Expert Info (Warning/Sequence): D-SACK Sequence,33554432,D-SACK Sequence,6291456,,1,10,01:01:05:0a:ab:f8:89:a6:ab:f8:89:a7,,,01,,,,,0.186051000,1,05:0a:ab:f8:89:a6:ab:f8:89:a7,1,D-SACK Sequence,1,2,1,2,,
40,"Packet (Length: 66)
",66,data,tcp.,tcp,151.101.120.193,5028696,"Chicony Electronics Co., Ltd.",4c:bb:58:22:09:85,192.168.1.65,0,0,5028696,"Chicony Electronics Co., Ltd.",4c:bb:58:22:09:85,0,tcp,0,151.101.120.193,0,0,12863738,Taicang T&W Electronics,c4:48:fa:02:49:70,0x0800,66,1,0,Wi-Fi,0,\Device\NPF_{34FF6F81-D543-4DD1-86B8-7F59BCF8569A},0,0,3,0.000000000,eth:ethertype:ip:tcp,"May 31, 2022 22:49:55.080603000 Nepal Standard Time",0.186051000,0.018759000,1654016695.080603000,0.186051000,TCP,0x4d8a,2,0x00,0,0,192.168.1.65,0x0010,1,0,0,0,32,151.101.120.193,0xd9f9,6,151.101.120.193,50,4,66,1654016695.080603000,D-SACK Sequence,2,2885192103,SEQ/ACK analysis,,,0,64920,1,0,0,0,0,0,0,0,·······A····,0,0,1,,443,,1,516463109,443,0,0,290,-1,290,TCP,,,,,,,,,Expert Info (Warning/Sequence): D-SACK Sequence,33554432,D-SACK Sequence,6291456,,1,10,01:01:05:0a:ab:f8:89:a6:ab:f8:89:a7,,,01,,,,,0.186051000,1,05:0a:ab:f8:89:a6:ab:f8:89:a7,1,D-SACK Sequence,1,2,1,2,,
41,"Packet (Length: 66)
",66,data,tcp.,tcp,151.101.120.193,5028696,"Chicony Electronics Co., Ltd.",4c:bb:58:22:09:85,192.168.1.65,0,0,5028696,"Chicony Electronics Co., Ltd.",4c:bb:58:22:09:85,0,tcp,0,151.101.120.193,0,0,12863738,Taicang T&W Electronics,c4:48:fa:02:49:70,0x0800,66,1,0,Wi-Fi,0,\Device\NPF_{34FF6F81-D543-4DD1-86B8-7F59BCF8569A},0,0,3,0.000000000,eth:ethertype:ip:tcp,"May 31, 2022 22:49:55.080603000 Nepal Standard Time",0.186051000,0.018759000,1654016695.080603000,0.186051000,TCP,0x4d8a,2,0x00,0,0,192.168.1.65,0x0010,1,0,0,0,32,151.101.120.193,0xd9f9,6,151.101.120.193,50,4,66,1654016695.080603000,D-SACK Sequence,2,2885192103,SEQ/ACK analysis,,,0,64920,1,0,0,0,0,0,0,0,·······A····,0,0,1,,443,,1,516463109,443,0,0,290,-1,290,TCP,,,,,,,,,Expert Info (Warning/Sequence): D-SACK Sequence,33554432,D-SACK Sequence,6291456,,1,10,01:01:05:0a:ab:f8:89:a6:ab:f8:89:a7,,,01,,,,,0.186051000,1,05:0a:ab:f8:89:a6:ab:f8:89:a7,1,D-SACK Sequence,1,2,1,2,,
42,"Packet (Length: 66)
",66,data,tcp.,tcp,151.101.120.193,5028696,"Chicony Electronics Co., Ltd.",4c:bb:58:22:09:85,192.168.1.65,0,0,5028696,"Chicony Electronics Co., Ltd.",4c:bb:58:22:09:85,0,tcp,0,151.101.120.193,0,0,12863738,Taicang T&W Electronics,c4:48:fa:02:49:70,0x0800,66,1,0,Wi-Fi,0,\Device\NPF_{34FF6F81-D543-4DD1-86B8-7F59BCF8569A},0,0,3,0.000000000,eth:ethertype:ip:tcp,"May 31, 2022 22:49:55.080603000 Nepal Standard Time",0.186051000,0.018759000,1654016695.080603000,0.186051000,TCP,0x4d8a,2,0x00,0,0,192.168.1.65,0x0010,1,0,0,0,32,151.101.120.193,0xd9f9,6,151.101.120.193,50,4,66,1654016695.080603000,D-SACK Sequence,2,2885192103,SEQ/ACK analysis,,,0,64920,1,0,0,0,0,0,0,0,·······A····,0,0,1,,443,,1,516463109,443,0,0,290,-1,290,TCP,,,,,,,,,Expert Info (Warning/Sequence): D-SACK Sequence,33554432,D-SACK Sequence,6291456,,1,10,01:01:05:0a:ab:f8:89:a6:ab:f8:89:a7,,,01,,,,,0.186051000,1,05:0a:ab:f8:89:a6:ab:f8:89:a7,1,D-SACK Sequence,1,2,1,2,,
43,"Packet (Length: 66)
",66,data,tcp.,tcp,151.101.120.193,5028696,"Chicony Electronics Co., Ltd.",4c:bb:58:22:09:85,192.168.1.65,0,0,5028696,"Chicony Electronics Co., Ltd.",4c:bb:58:22:09:85,0,tcp,0,151.101.120.193,0,0,12863738,Taicang T&W Electronics,c4:48:fa:02:49:70,0x0800,66,1,0,Wi-Fi,0,\Device\NPF_{34FF6F81-D543-4DD1-86B8-7F59BCF8569A},0,0,3,0.000000000,eth:ethertype:ip:tcp,"May 31, 2022 22:49:55.080603000 Nepal Standard Time",0.186051000,0.018759000,1654016695.080603000,0.186051000,TCP,0x4d8a,2,0x00,0,0,192.168.1.65,0x0010,1,0,0,0,32,151.101.120.193,0xd9f9,6,151.101.120.193,50,4,66,1654016695.080603000,D-SACK Sequence,2,2885192103,SEQ/ACK analysis,,,0,64920,1,0,0,0,0,0,0,0,·······A····,0,0,1,,443,,1,516463109,443,0,0,290,-1,290,TCP,,,,,,,,,Expert Info (Warning/Sequence): D-SACK Sequence,33554432,D-SACK Sequence,6291456,,1,10,01:01:05:0a:ab:f8:89:a6:ab:f8:89:a7,,,01,,,,,0.186051000,1,05:0a:ab:f8:89:a6:ab:f8:89:a7,1,D-SACK Sequence,1,2,1,2,,
44,"Packet (Length: 66)
",66,data,tcp.,tcp,151.101.120.193,5028696,"Chicony Electronics Co., Ltd.",4c:bb:58:22:09:85,192.168.1.65,0,0,5028696,"Chicony Electronics Co., Ltd.",4c:bb:58:22:09:85,0,tcp,0,151.101.120.193,0,0,12863738,Taicang T&W Electronics,c4:48:fa:02:49:70,0x0800,66,1,0,Wi-Fi,0,\Device\NPF_{34FF6F81-D543-4DD1-86B8-7F59BCF8569A},0,0,3,0.000000000,eth:ethertype:ip:tcp,"May 31, 2022 22:49:55.080603000 Nepal Standard Time",0.186051000,0.018759000,1654016695.080603000,0.186051000,TCP,0x4d8a,2,0x00,0,0,192.168.1.65,0x0010,1,0,0,0,32,151.101.120.193,0xd9f9,6,151.101.120.193,50,4,66,1654016695.080603000,D-SACK Sequence,2,2885192103,SEQ/ACK analysis,,,0,64920,1,0,0,0,0,0,0,0,·······A····,0,0,1,,443,,1,516463109,443,0,0,290,-1,290,TCP,,,,,,,,,Expert Info (Warning/Sequence): D-SACK Sequence,33554432,D-SACK Sequence,6291456,,1,10,01:01:05:0a:ab:f8:89:a6:ab:f8:89:a7,,,01,,,,,0.186051000,1,05:0a:ab:f8:89:a6:ab:f8:89:a7,1,D-SACK Sequence,1,2,1,2,,
45,"Packet (Length: 66)
",66,data,tcp.,tcp,151.101.120.193,5028696,"Chicony Electronics Co., Ltd.",4c:bb:58:22:09:85,192.168.1.65,0,0,5028696,"Chicony Electronics Co., Ltd.",4c:bb:58:22:09:85,0,tcp,0,151.101.120.193,0,0,12863738,Taicang T&W Electronics,c4:48:fa:02:49:70,0x0800,66,1,0,Wi-Fi,0,\Device\NPF_{34FF6F81-D543-4DD1-86B8-7F59BCF8569A},0,0,3,0.000000000,eth:ethertype:ip:tcp,"May 31, 2022 22:49:55.080603000 Nepal Standard Time",0.186051000,0.018759000,1654016695.080603000,0.186051000,TCP,0x4d8a,2,0x00,0,0,192.168.1.65,0x0010,1,0,0,0,32,151.101.120.193,0xd9f9,6,151.101.120.193,50,4,66,1654016695.080603000,D-SACK Sequence,2,2885192103,SEQ/ACK analysis,,,0,64920,1,0,0,0,0,0,0,0,·······A····,0,0,1,,443,,1,516463109,443,0,0,290,-1,290,TCP,,,,,,,,,Expert Info (Warning/Sequence): D-SACK Sequence,33554432,D-SACK Sequence,6291456,,1,10,01:01:05:0a:ab:f8:89:a6:ab:f8:89:a7,,,01,,,,,0.186051000,1,05:0a:ab:f8:89:a6:ab:f8:89:a7,1,D-SACK Sequence,1,2,1,2,,
46,"Packet (Length: 66)
",66,data,tcp.,tcp,151.101.120.193,5028696,"Chicony Electronics Co., Ltd.",4c:bb:58:22:09:85,192.168.1.65,0,0,5028696,"Chicony Electronics Co., Ltd.",4c:bb:58:22:09:85,0,tcp,0,151.101.120.193,0,0,12863738,Taicang T&W Electronics,c4:48:fa:02:49:70,0x0800,66,1,0,Wi-Fi,0,\Device\NPF_{34FF6F81-D543-4DD1-86B8-7F59BCF8569A},0,0,3,0.000000000,eth:ethertype:ip:tcp,"May 31, 2022 22:49:55.080603000 Nepal Standard Time",0.186051000,0.018759000,1654016695.080603000,0.186051000,TCP,0x4d8a,2,0x00,0,0,192.168.1.65,0x0010,1,0,0,0,32,151.101.120.193,0xd9f9,6,151.101.120.193,50,4,66,1654016695.080603000,D-SACK Sequence,2,2885192103,SEQ/ACK analysis,,,0,64920,1,0,0,0,0,0,0,0,·······A····,0,0,1,,443,,1,516463109,443,0,0,290,-1,290,TCP,,,,,,,,,Expert Info (Warning/Sequence): D-SACK Sequence,33554432,D-SACK Sequence,6291456,,1,10,01:01:05:0a:ab:f8:89:a6:ab:f8:89:a7,,,01,,,,,0.186051000,1,05:0a:ab:f8:89:a6:ab:f8:89:a7,1,D-SACK Sequence,1,2,1,2,,
47,"Packet (Length: 66)
",66,data,tcp.,tcp,151.101.120.193,5028696,"Chicony Electronics Co., Ltd.",4c:bb:58:22:09:85,192.168.1.65,0,0,5028696,"Chicony Electronics Co., Ltd.",4c:bb:58:22:09:85,0,tcp,0,151.101.120.193,0,0,12863738,Taicang T&W Electronics,c4:48:fa:02:49:70,0x0800,66,1,0,Wi-Fi,0,\Device\NPF_{34FF6F81-D543-4DD1-86B8-7F59BCF8569A},0,0,3,0.000000000,eth:ethertype:ip:tcp,"May 31, 2022 22:49:55.080603000 Nepal Standard Time",0.186051000,0.018759000,1654016695.080603000,0.186051000,TCP,0x4d8a,2,0x00,0,0,192.168.1.65,0x0010,1,0,0,0,32,151.101.120.193,0xd9f9,6,151.101.120.193,50,4,66,1654016695.080603000,D-SACK Sequence,2,2885192103,SEQ/ACK analysis,,,0,64920,1,0,0,0,0,0,0,0,·······A····,0,0,1,,443,,1,516463109,443,0,0,290,-1,290,TCP,,,,,,,,,Expert Info (Warning/Sequence): D-SACK Sequence,33554432,D-SACK Sequence,6291456,,1,10,01:01:05:0a:ab:f8:89:a6:ab:f8:89:a7,,,01,,,,,0.186051000,1,05:0a:ab:f8:89:a6:ab:f8:89:a7,1,D-SACK Sequence,1,2,1,2,,
48,"Packet (Length: 66)
",66,data,tcp.,tcp,151.101.120.193,5028696,"Chicony Electronics Co., Ltd.",4c:bb:58:22:09:85,192.168.1.65,0,0,5028696,"Chicony Electronics Co., Ltd.",4c:bb:58:22:09:85,0,tcp,0,151.101.120.193,0,0,12863738,Taicang T&W Electronics,c4:48:fa:02:49:70,0x0800,66,1,0,Wi-Fi,0,\Device\NPF_{34FF6F81-D543-4DD1-86B8-7F59BCF8569A},0,0,3,0.000000000,eth:ethertype:ip:tcp,"May 31, 2022 22:49:55.080603000 Nepal Standard Time",0.186051000,0.018759000,1654016695.080603000,0.186051000,TCP,0x4d8a,2,0x00,0,0,192.168.1.65,0x0010,1,0,0,0,32,151.101.120.193,0xd9f9,6,151.101.120.193,50,4,66,1654016695.080603000,D-SACK Sequence,2,2885192103,SEQ/ACK analysis,,,0,64920,1,0,0,0,0,0,0,0,·······A····,0,0,1,,443,,1,516463109,443,0,0,290,-1,290,TCP,,,,,,,,,Expert Info (Warning/Sequence): D-SACK Sequence,33554432,D-SACK Sequence,6291456,,1,10,01:01:05:0a:ab:f8:89:a6:ab:f8:89:a7,,,01,,,,,0.186051000,1,05:0a:ab:f8:89:a6:ab:f8:89:a7,1,D-SACK Sequence,1,2,1,2,,
49,"Packet (Length: 66)
",66,data,tcp.,tcp,151.101.120.193,5028696,"Chicony Electronics Co., Ltd.",4c:bb:58:22:09:85,192.168.1.65,0,0,5028696,"Chicony Electronics Co., Ltd.",4c:bb:58:22:09:85,0,tcp,0,151.101.120.193,0,0,12863738,Taicang T&W Electronics,c4:48:fa:02:49:70,0x0800,66,1,0,Wi-Fi,0,\Device\NPF_{34FF6F81-D543-4DD1-86B8-7F59BCF8569A},0,0,3,0.000000000,eth:ethertype:ip:tcp,"May 31, 2022 22:49:55.080603000 Nepal Standard Time",0.186051000,0.018759000,1654016695.080603000,0.186051000,TCP,0x4d8a,2,0x00,0,0,192.168.1.65,0x0010,1,0,0,0,32,151.101.120.193,0xd9f9,6,151.101.120.193,50,4,66,1654016695.080603000,D-SACK Sequence,2,2885192103,SEQ/ACK analysis,,,0,64920,1,0,0,0,0,0,0,0,·······A····,0,0,1,,443,,1,516463109,443,0,0,290,-1,290,TCP,,,,,,,,,Expert Info (Warning/Sequence): D-SACK Sequence,33554432,D-SACK Sequence,6291456,,1,10,01:01:05:0a:ab:f8:89:a6:ab:f8:89:a7,,,01,,,,,0.186051000,1,05:0a:ab:f8:89:a6:ab:f8:89:a7,1,D-SACK Sequence,1,2,1,2,,
50,"Packet (Length: 66)
",66,data,tcp.,tcp,151.101.120.193,5028696,"Chicony Electronics Co., Ltd.",4c:bb:58:22:09:85,192.168.1.65,0,0,5028696,"Chicony Electronics Co., Ltd.",4c:bb:58:22:09:85,0,tcp,0,151.101.120.193,0,0,12863738,Taicang T&W Electronics,c4:48:fa:02:49:70,0x0800,66,1,0,Wi-Fi,0,\Device\NPF_{34FF6F81-D543-4DD1-86B8-7F59BCF8569A},0,0,3,0.000000000,eth:ethertype:ip:tcp,"May 31, 2022 22:49:55.080603000 Nepal Standard Time",0.186051000,0.018759000,1654016695.080603000,0.186051000,TCP,0x4d8a,2,0x00,0,0,192.168.1.65,0x0010,1,0,0,0,32,151.101.120.193,0xd9f9,6,151.101.120.193,50,4,66,1654016695.080603000,D-SACK Sequence,2,2885192103,SEQ/ACK analysis,,,0,64920,1,0,0,0,0,0,0,0,·······A····,0,0,1,,443,,1,516463109,443,0,0,290,-1,290,TCP,,,,,,,,,Expert Info (Warning/Sequence): D-SACK Sequence,33554432,D-SACK Sequence,6291456,,1,10,01:01:05:0a:ab:f8:89:a6:ab:f8:89:a7,,,01,,,,,0.186051000,1,05:0a:ab:f8:89:a6:ab:f8:89:a7,1,D-SACK Sequence,1,2,1,2,,
51,"Packet (Length: 66)
",66,data,tcp.,tcp,151.101.120.193,5028696,"Chicony Electronics Co., Ltd.",4c:bb:58:22:09:85,192.168.1.65,0,0,5028696,"Chicony Electronics Co., Ltd.",4c:bb:58:22:09:85,0,tcp,0,151.101.120.193,0,0,12863738,Taicang T&W Electronics,c4:48:fa:02:49:70,0x0800,66,1,0,Wi-Fi,0,\Device\NPF_{34FF6F81-D543-4DD1-86B8-7F59BCF8569A},0,0,3,0.000000000,eth:ethertype:ip:tcp,"May 31, 2022 22:49:55.080603000 Nepal Standard Time",0.186051000,0.018759000,1654016695.080603000,0.186051000,TCP,0x4d8a,2,0x00,0,0,192.168.1.65,0x0010,1,0,0,0,32,151.101.120.193,0xd9f9,6,151.101.120.193,50,4,66,1654016695.080603000,D-SACK Sequence,2,2885192103,SEQ/ACK analysis,,,0,64920,1,0,0,0,0,0,0,0,·······A····,0,0,1,,443,,1,516463109,443,0,0,290,-1,290,TCP,,,,,,,,,Expert Info (Warning/Sequence): D-SACK Sequence,33554432,D-SACK Sequence,6291456,,1,10,01:01:05:0a:ab:f8:89:a6:ab:f8:89:a7,,,01,,,,,0.186051000,1,05:0a:ab:f8:89:a6:ab:f8:89:a7,1,D-SACK Sequence,1,2,1,2,,
52,"Packet (Length: 66)
",66,data,tcp.,tcp,151.101.120.193,5028696,"Chicony Electronics Co., Ltd.",4c:bb:58:22:09:85,192.168.1.65,0,0,5028696,"Chicony Electronics Co., Ltd.",4c:bb:58:22:09:85,0,tcp,0,151.101.120.193,0,0,12863738,Taicang T&W Electronics,c4:48:fa:02:49:70,0x0800,66,1,0,Wi-Fi,0,\Device\NPF_{34FF6F81-D543-4DD1-86B8-7F59BCF8569A},0,0,3,0.000000000,eth:ethertype:ip:tcp,"May 31, 2022 22:49:55.080603000 Nepal Standard Time",0.186051000,0.018759000,1654016695.080603000,0.186051000,TCP,0x4d8a,2,0x00,0,0,192.168.1.65,0x0010,1,0,0,0,32,151.101.120.193,0xd9f9,6,151.101.120.193,50,4,66,1654016695.080603000,D-SACK Sequence,2,2885192103,SEQ/ACK analysis,,,0,64920,1,0,0,0,0,0,0,0,·······A····,0,0,1,,443,,1,516463109,443,0,0,290,-1,290,TCP,,,,,,,,,Expert Info (Warning/Sequence): D-SACK Sequence,33554432,D-SACK Sequence,6291456,,1,10,01:01:05:0a:ab:f8:89:a6:ab:f8:89:a7,,,01,,,,,0.186051000,1,05:0a:ab:f8:89:a6:ab:f8:89:a7,1,D-SACK Sequence,1,2,1,2,,
53,"Packet (Length: 66)
",66,data,tcp.,tcp,151.101.120.193,5028696,"Chicony Electronics Co., Ltd.",4c:bb:58:22:09:85,192.168.1.65,0,0,5028696,"Chicony Electronics Co., Ltd.",4c:bb:58:22:09:85,0,tcp,0,151.101.120.193,0,0,12863738,Taicang T&W Electronics,c4:48:fa:02:49:70,0x0800,66,1,0,Wi-Fi,0,\Device\NPF_{34FF6F81-D543-4DD1-86B8-7F59BCF8569A},0,0,3,0.000000000,eth:ethertype:ip:tcp,"May 31, 2022 22:49:55.080603000 Nepal Standard Time",0.186051000,0.018759000,1654016695.080603000,0.186051000,TCP,0x4d8a,2,0x00,0,0,192.168.1.65,0x0010,1,0,0,0,32,151.101.120.193,0xd9f9,6,151.101.120.193,50,4,66,1654016695.080603000,D-SACK Sequence,2,2885192103,SEQ/ACK analysis,,,0,64920,1,0,0,0,0,0,0,0,·······A····,0,0,1,,443,,1,516463109,443,0,0,290,-1,290,TCP,,,,,,,,,Expert Info (Warning/Sequence): D-SACK Sequence,33554432,D-SACK Sequence,6291456,,1,10,01:01:05:0a:ab:f8:89:a6:ab:f8:89:a7,,,01,,,,,0.186051000,1,05:0a:ab:f8:89:a6:ab:f8:89:a7,1,D-SACK Sequence,1,2,1,2,,
54,"Packet (Length: 66)
",66,data,tcp.,tcp,151.101.120.193,5028696,"Chicony Electronics Co., Ltd.",4c:bb:58:22:09:85,192.168.1.65,0,0,5028696,"Chicony Electronics Co., Ltd.",4c:bb:58:22:09:85,0,tcp,0,151.101.120.193,0,0,12863738,Taicang T&W Electronics,c4:48:fa:02:49:70,0x0800,66,1,0,Wi-Fi,0,\Device\NPF_{34FF6F81-D543-4DD1-86B8-7F59BCF8569A},0,0,3,0.000000000,eth:ethertype:ip:tcp,"May 31, 2022 22:49:55.080603000 Nepal Standard Time",0.186051000,0.018759000,1654016695.080603000,0.186051000,TCP,0x4d8a,2,0x00,0,0,192.168.1.65,0x0010,1,0,0,0,32,151.101.120.193,0xd9f9,6,151.101.120.193,50,4,66,1654016695.080603000,D-SACK Sequence,2,2885192103,SEQ/ACK analysis,,,0,64920,1,0,0,0,0,0,0,0,·······A····,0,0,1,,443,,1,516463109,443,0,0,290,-1,290,TCP,,,,,,,,,Expert Info (Warning/Sequence): D-SACK Sequence,33554432,D-SACK Sequence,6291456,,1,10,01:01:05:0a:ab:f8:89:a6:ab:f8:89:a7,,,01,,,,,0.186051000,1,05:0a:ab:f8:89:a6:ab:f8:89:a7,1,D-SACK Sequence,1,2,1,2,,
55,"Packet (Length: 86)
",86,data,tcp.,tcp,2620:1ec:c11::200,5028696,"Chicony Electronics Co., Ltd.",4c:bb:58:22:09:85,2400:1a00:b040:4c18:4da6:e41a:197f:3b19,0,0,5028696,"Chicony Electronics Co., Ltd.",4c:bb:58:22:09:85,0,tcp,0,2620:1ec:c11::200,0,0,12863738,Taicang T&W Electronics,c4:48:fa:02:49:70,0x86dd,86,1,0,Wi-Fi,0,\Device\NPF_{34FF6F81-D543-4DD1-86B8-7F59BCF8569A},0,0,4,0.000000000,eth:ethertype:ipv6:tcp,"May 31, 2022 22:49:55.114052000 Nepal Standard Time",0.052208000,0.033449000,1654016695.114052000,0.052208000,TCP,0x3c65,2,,,,2400:1a00:b040:4c18:4da6:e41a:197f:3b19,0x0012,,,,,32,2620:1ec:c11::200,,,2620:1ec:c11::200,,6,86,1654016695.114052000,Timestamps,1,295742416,SEQ/ACK analysis,,,1,64947,1,0,0,0,0,0,0,0,·······A··S·,1,0,1,,443,,0,3472273457,443,1,0,65535,,65535,TCP,0x0b745e,48,6,6,32,0x00000000,0,0,Expert Info (Chat/Sequence): Connection establish acknowledge (SYN+ACK): server port 443,33554432,Connection establish acknowledge (SYN+ACK): server port 443,2097152,,2,4,02:04:05:78:01:03:03:08:01:01:04:02,02:04:05:78,1400,01,04:02,03:03:08,256,8,0.052208000,2,,,,,,,,Connection establish acknowledge (SYN+ACK): server port 443,
56,"Packet (Length: 86)
",86,data,tcp.,tcp,2620:1ec:c11::200,5028696,"Chicony Electronics Co., Ltd.",4c:bb:58:22:09:85,2400:1a00:b040:4c18:4da6:e41a:197f:3b19,0,0,5028696,"Chicony Electronics Co., Ltd.",4c:bb:58:22:09:85,0,tcp,0,2620:1ec:c11::200,0,0,12863738,Taicang T&W Electronics,c4:48:fa:02:49:70,0x86dd,86,1,0,Wi-Fi,0,\Device\NPF_{34FF6F81-D543-4DD1-86B8-7F59BCF8569A},0,0,4,0.000000000,eth:ethertype:ipv6:tcp,"May 31, 2022 22:49:55.114052000 Nepal Standard Time",0.052208000,0.033449000,1654016695.114052000,0.052208000,TCP,0x3c65,2,,,,2400:1a00:b040:4c18:4da6:e41a:197f:3b19,0x0012,,,,,32,2620:1ec:c11::200,,,2620:1ec:c11::200,,6,86,1654016695.114052000,Timestamps,1,295742416,SEQ/ACK analysis,,,1,64947,1,0,0,0,0,0,0,0,·······A··S·,1,0,1,,443,,0,3472273457,443,1,0,65535,,65535,TCP,0x0b745e,48,6,6,32,0x00000000,0,0,Expert Info (Chat/Sequence): Connection establish acknowledge (SYN+ACK): server port 443,33554432,Connection establish acknowledge (SYN+ACK): server port 443,2097152,,2,4,02:04:05:78:01:03:03:08:01:01:04:02,02:04:05:78,1400,01,04:02,03:03:08,256,8,0.052208000,2,,,,,,,,Connection establish acknowledge (SYN+ACK): server port 443,
57,"Packet (Length: 86)
",86,data,tcp.,tcp,2620:1ec:c11::200,5028696,"Chicony Electronics Co., Ltd.",4c:bb:58:22:09:85,2400:1a00:b040:4c18:4da6:e41a:197f:3b19,0,0,5028696,"Chicony Electronics Co., Ltd.",4c:bb:58:22:09:85,0,tcp,0,2620:1ec:c11::200,0,0,12863738,Taicang T&W Electronics,c4:48:fa:02:49:70,0x86dd,86,1,0,Wi-Fi,0,\Device\NPF_{34FF6F81-D543-4DD1-86B8-7F59BCF8569A},0,0,4,0.000000000,eth:ethertype:ipv6:tcp,"May 31, 2022 22:49:55.114052000 Nepal Standard Time",0.052208000,0.033449000,1654016695.114052000,0.052208000,TCP,0x3c65,2,,,,2400:1a00:b040:4c18:4da6:e41a:197f:3b19,0x0012,,,,,32,2620:1ec:c11::200,,,2620:1ec:c11::200,,6,86,1654016695.114052000,Timestamps,1,295742416,SEQ/ACK analysis,,,1,64947,1,0,0,0,0,0,0,0,·······A··S·,1,0,1,,443,,0,3472273457,443,1,0,65535,,65535,TCP,0x0b745e,48,6,6,32,0x00000000,0,0,Expert Info (Chat/Sequence): Connection establish acknowledge (SYN+ACK): server port 443,33554432,Connection establish acknowledge (SYN+ACK): server port 443,2097152,,2,4,02:04:05:78:01:03:03:08:01:01:04:02,02:04:05:78,1400,01,04:02,03:03:08,256,8,0.052208000,2,,,,,,,,Connection establish acknowledge (SYN+ACK): server port 443,
58,"Packet (Length: 86)
",86,data,tcp.,tcp,2620:1ec:c11::200,5028696,"Chicony Electronics Co., Ltd.",4c:bb:58:22:09:85,2400:1a00:b040:4c18:4da6:e41a:197f:3b19,0,0,5028696,"Chicony Electronics Co., Ltd.",4c:bb:58:22:09:85,0,tcp,0,2620:1ec:c11::200,0,0,12863738,Taicang T&W Electronics,c4:48:fa:02:49:70,0x86dd,86,1,0,Wi-Fi,0,\Device\NPF_{34FF6F81-D543-4DD1-86B8-7F59BCF8569A},0,0,4,0.000000000,eth:ethertype:ipv6:tcp,"May 31, 2022 22:49:55.114052000 Nepal Standard Time",0.052208000,0.033449000,1654016695.114052000,0.052208000,TCP,0x3c65,2,,,,2400:1a00:b040:4c18:4da6:e41a:197f:3b19,0x0012,,,,,32,2620:1ec:c11::200,,,2620:1ec:c11::200,,6,86,1654016695.114052000,Timestamps,1,295742416,SEQ/ACK analysis,,,1,64947,1,0,0,0,0,0,0,0,·······A··S·,1,0,1,,443,,0,3472273457,443,1,0,65535,,65535,TCP,0x0b745e,48,6,6,32,0x00000000,0,0,Expert Info (Chat/Sequence): Connection establish acknowledge (SYN+ACK): server port 443,33554432,Connection establish acknowledge (SYN+ACK): server port 443,2097152,,2,4,02:04:05:78:01:03:03:08:01:01:04:02,02:04:05:78,1400,01,04:02,03:03:08,256,8,0.052208000,2,,,,,,,,Connection establish acknowledge (SYN+ACK): server port 443,
59,"Packet (Length: 86)
",86,data,tcp.,tcp,2620:1ec:c11::200,5028696,"Chicony Electronics Co., Ltd.",4c:bb:58:22:09:85,2400:1a00:b040:4c18:4da6:e41a:197f:3b19,0,0,5028696,"Chicony Electronics Co., Ltd.",4c:bb:58:22:09:85,0,tcp,0,2620:1ec:c11::200,0,0,12863738,Taicang T&W Electronics,c4:48:fa:02:49:70,0x86dd,86,1,0,Wi-Fi,0,\Device\NPF_{34FF6F81-D543-4DD1-86B8-7F59BCF8569A},0,0,4,0.000000000,eth:ethertype:ipv6:tcp,"May 31, 2022 22:49:55.114052000 Nepal Standard Time",0.052208000,0.033449000,1654016695.114052000,0.052208000,TCP,0x3c65,2,,,,2400:1a00:b040:4c18:4da6:e41a:197f:3b19,0x0012,,,,,32,2620:1ec:c11::200,,,2620:1ec:c11::200,,6,86,1654016695.114052000,Timestamps,1,295742416,SEQ/ACK analysis,,,1,64947,1,0,0,0,0,0,0,0,·······A··S·,1,0,1,,443,,0,3472273457,443,1,0,65535,,65535,TCP,0x0b745e,48,6,6,32,0x00000000,0,0,Expert Info (Chat/Sequence): Connection establish acknowledge (SYN+ACK): server port 443,33554432,Connection establish acknowledge (SYN+ACK): server port 443,2097152,,2,4,02:04:05:78:01:03:03:08:01:01:04:02,02:04:05:78,1400,01,04:02,03:03:08,256,8,0.052208000,2,,,,,,,,Connection establish acknowledge (SYN+ACK): server port 443,
60,"Packet (Length: 86)
",86,data,tcp.,tcp,2620:1ec:c11::200,5028696,"Chicony Electronics Co., Ltd.",4c:bb:58:22:09:85,2400:1a00:b040:4c18:4da6:e41a:197f:3b19,0,0,5028696,"Chicony Electronics Co., Ltd.",4c:bb:58:22:09:85,0,tcp,0,2620:1ec:c11::200,0,0,12863738,Taicang T&W Electronics,c4:48:fa:02:49:70,0x86dd,86,1,0,Wi-Fi,0,\Device\NPF_{34FF6F81-D543-4DD1-86B8-7F59BCF8569A},0,0,4,0.000000000,eth:ethertype:ipv6:tcp,"May 31, 2022 22:49:55.114052000 Nepal Standard Time",0.052208000,0.033449000,1654016695.114052000,0.052208000,TCP,0x3c65,2,,,,2400:1a00:b040:4c18:4da6:e41a:197f:3b19,0x0012,,,,,32,2620:1ec:c11::200,,,2620:1ec:c11::200,,6,86,1654016695.114052000,Timestamps,1,295742416,SEQ/ACK analysis,,,1,64947,1,0,0,0,0,0,0,0,·······A··S·,1,0,1,,443,,0,3472273457,443,1,0,65535,,65535,TCP,0x0b745e,48,6,6,32,0x00000000,0,0,Expert Info (Chat/Sequence): Connection establish acknowledge (SYN+ACK): server port 443,33554432,Connection establish acknowledge (SYN+ACK): server port 443,2097152,,2,4,02:04:05:78:01:03:03:08:01:01:04:02,02:04:05:78,1400,01,04:02,03:03:08,256,8,0.052208000,2,,,,,,,,Connection establish acknowledge (SYN+ACK): server port 443,
61,"Packet (Length: 86)
",86,data,tcp.,tcp,2620:1ec:c11::200,5028696,"Chicony Electronics Co., Ltd.",4c:bb:58:22:09:85,2400:1a00:b040:4c18:4da6:e41a:197f:3b19,0,0,5028696,"Chicony Electronics Co., Ltd.",4c:bb:58:22:09:85,0,tcp,0,2620:1ec:c11::200,0,0,12863738,Taicang T&W Electronics,c4:48:fa:02:49:70,0x86dd,86,1,0,Wi-Fi,0,\Device\NPF_{34FF6F81-D543-4DD1-86B8-7F59BCF8569A},0,0,4,0.000000000,eth:ethertype:ipv6:tcp,"May 31, 2022 22:49:55.114052000 Nepal Standard Time",0.052208000,0.033449000,1654016695.114052000,0.052208000,TCP,0x3c65,2,,,,2400:1a00:b040:4c18:4da6:e41a:197f:3b19,0x0012,,,,,32,2620:1ec:c11::200,,,2620:1ec:c11::200,,6,86,1654016695.114052000,Timestamps,1,295742416,SEQ/ACK analysis,,,1,64947,1,0,0,0,0,0,0,0,·······A··S·,1,0,1,,443,,0,3472273457,443,1,0,65535,,65535,TCP,0x0b745e,48,6,6,32,0x00000000,0,0,Expert Info (Chat/Sequence): Connection establish acknowledge (SYN+ACK): server port 443,33554432,Connection establish acknowledge (SYN+ACK): server port 443,2097152,,2,4,02:04:05:78:01:03:03:08:01:01:04:02,02:04:05:78,1400,01,04:02,03:03:08,256,8,0.052208000,2,,,,,,,,Connection establish acknowledge (SYN+ACK): server port 443,
62,"Packet (Length: 86)
",86,data,tcp.,tcp,2620:1ec:c11::200,5028696,"Chicony Electronics Co., Ltd.",4c:bb:58:22:09:85,2400:1a00:b040:4c18:4da6:e41a:197f:3b19,0,0,5028696,"Chicony Electronics Co., Ltd.",4c:bb:58:22:09:85,0,tcp,0,2620:1ec:c11::200,0,0,12863738,Taicang T&W Electronics,c4:48:fa:02:49:70,0x86dd,86,1,0,Wi-Fi,0,\Device\NPF_{34FF6F81-D543-4DD1-86B8-7F59BCF8569A},0,0,4,0.000000000,eth:ethertype:ipv6:tcp,"May 31, 2022 22:49:55.114052000 Nepal Standard Time",0.052208000,0.033449000,1654016695.114052000,0.052208000,TCP,0x3c65,2,,,,2400:1a00:b040:4c18:4da6:e41a:197f:3b19,0x0012,,,,,32,2620:1ec:c11::200,,,2620:1ec:c11::200,,6,86,1654016695.114052000,Timestamps,1,295742416,SEQ/ACK analysis,,,1,64947,1,0,0,0,0,0,0,0,·······A··S·,1,0,1,,443,,0,3472273457,443,1,0,65535,,65535,TCP,0x0b745e,48,6,6,32,0x00000000,0,0,Expert Info (Chat/Sequence): Connection establish acknowledge (SYN+ACK): server port 443,33554432,Connection establish acknowledge (SYN+ACK): server port 443,2097152,,2,4,02:04:05:78:01:03:03:08:01:01:04:02,02:04:05:78,1400,01,04:02,03:03:08,256,8,0.052208000,2,,,,,,,,Connection establish acknowledge (SYN+ACK): server port 443,
63,"Packet (Length: 86)
",86,data,tcp.,tcp,2620:1ec:c11::200,5028696,"Chicony Electronics Co., Ltd.",4c:bb:58:22:09:85,2400:1a00:b040:4c18:4da6:e41a:197f:3b19,0,0,5028696,"Chicony Electronics Co., Ltd.",4c:bb:58:22:09:85,0,tcp,0,2620:1ec:c11::200,0,0,12863738,Taicang T&W Electronics,c4:48:fa:02:49:70,0x86dd,86,1,0,Wi-Fi,0,\Device\NPF_{34FF6F81-D543-4DD1-86B8-7F59BCF8569A},0,0,4,0.000000000,eth:ethertype:ipv6:tcp,"May 31, 2022 22:49:55.114052000 Nepal Standard Time",0.052208000,0.033449000,1654016695.114052000,0.052208000,TCP,0x3c65,2,,,,2400:1a00:b040:4c18:4da6:e41a:197f:3b19,0x0012,,,,,32,2620:1ec:c11::200,,,2620:1ec:c11::200,,6,86,1654016695.114052000,Timestamps,1,295742416,SEQ/ACK analysis,,,1,64947,1,0,0,0,0,0,0,0,·······A··S·,1,0,1,,443,,0,3472273457,443,1,0,65535,,65535,TCP,0x0b745e,48,6,6,32,0x00000000,0,0,Expert Info (Chat/Sequence): Connection establish acknowledge (SYN+ACK): server port 443,33554432,Connection establish acknowledge (SYN+ACK): server port 443,2097152,,2,4,02:04:05:78:01:03:03:08:01:01:04:02,02:04:05:78,1400,01,04:02,03:03:08,256,8,0.052208000,2,,,,,,,,Connection establish acknowledge (SYN+ACK): server port 443,
64,"Packet (Length: 86)
",86,data,tcp.,tcp,2620:1ec:c11::200,5028696,"Chicony Electronics Co., Ltd.",4c:bb:58:22:09:85,2400:1a00:b040:4c18:4da6:e41a:197f:3b19,0,0,5028696,"Chicony Electronics Co., Ltd.",4c:bb:58:22:09:85,0,tcp,0,2620:1ec:c11::200,0,0,12863738,Taicang T&W Electronics,c4:48:fa:02:49:70,0x86dd,86,1,0,Wi-Fi,0,\Device\NPF_{34FF6F81-D543-4DD1-86B8-7F59BCF8569A},0,0,4,0.000000000,eth:ethertype:ipv6:tcp,"May 31, 2022 22:49:55.114052000 Nepal Standard Time",0.052208000,0.033449000,1654016695.114052000,0.052208000,TCP,0x3c65,2,,,,2400:1a00:b040:4c18:4da6:e41a:197f:3b19,0x0012,,,,,32,2620:1ec:c11::200,,,2620:1ec:c11::200,,6,86,1654016695.114052000,Timestamps,1,295742416,SEQ/ACK analysis,,,1,64947,1,0,0,0,0,0,0,0,·······A··S·,1,0,1,,443,,0,3472273457,443,1,0,65535,,65535,TCP,0x0b745e,48,6,6,32,0x00000000,0,0,Expert Info (Chat/Sequence): Connection establish acknowledge (SYN+ACK): server port 443,33554432,Connection establish acknowledge (SYN+ACK): server port 443,2097152,,2,4,02:04:05:78:01:03:03:08:01:01:04:02,02:04:05:78,1400,01,04:02,03:03:08,256,8,0.052208000,2,,,,,,,,Connection establish acknowledge (SYN+ACK): server port 443,
65,"Packet (Length: 86)
",86,data,tcp.,tcp,2620:1ec:c11::200,5028696,"Chicony Electronics Co., Ltd.",4c:bb:58:22:09:85,2400:1a00:b040:4c18:4da6:e41a:197f:3b19,0,0,5028696,"Chicony Electronics Co., Ltd.",4c:bb:58:22:09:85,0,tcp,0,2620:1ec:c11::200,0,0,12863738,Taicang T&W Electronics,c4:48:fa:02:49:70,0x86dd,86,1,0,Wi-Fi,0,\Device\NPF_{34FF6F81-D543-4DD1-86B8-7F59BCF8569A},0,0,4,0.000000000,eth:ethertype:ipv6:tcp,"May 31, 2022 22:49:55.114052000 Nepal Standard Time",0.052208000,0.033449000,1654016695.114052000,0.052208000,TCP,0x3c65,2,,,,2400:1a00:b040:4c18:4da6:e41a:197f:3b19,0x0012,,,,,32,2620:1ec:c11::200,,,2620:1ec:c11::200,,6,86,1654016695.114052000,Timestamps,1,295742416,SEQ/ACK analysis,,,1,64947,1,0,0,0,0,0,0,0,·······A··S·,1,0,1,,443,,0,3472273457,443,1,0,65535,,65535,TCP,0x0b745e,48,6,6,32,0x00000000,0,0,Expert Info (Chat/Sequence): Connection establish acknowledge (SYN+ACK): server port 443,33554432,Connection establish acknowledge (SYN+ACK): server port 443,2097152,,2,4,02:04:05:78:01:03:03:08:01:01:04:02,02:04:05:78,1400,01,04:02,03:03:08,256,8,0.052208000,2,,,,,,,,Connection establish acknowledge (SYN+ACK): server port 443,
66,"Packet (Length: 86)
",86,data,tcp.,tcp,2620:1ec:c11::200,5028696,"Chicony Electronics Co., Ltd.",4c:bb:58:22:09:85,2400:1a00:b040:4c18:4da6:e41a:197f:3b19,0,0,5028696,"Chicony Electronics Co., Ltd.",4c:bb:58:22:09:85,0,tcp,0,2620:1ec:c11::200,0,0,12863738,Taicang T&W Electronics,c4:48:fa:02:49:70,0x86dd,86,1,0,Wi-Fi,0,\Device\NPF_{34FF6F81-D543-4DD1-86B8-7F59BCF8569A},0,0,4,0.000000000,eth:ethertype:ipv6:tcp,"May 31, 2022 22:49:55.114052000 Nepal Standard Time",0.052208000,0.033449000,1654016695.114052000,0.052208000,TCP,0x3c65,2,,,,2400:1a00:b040:4c18:4da6:e41a:197f:3b19,0x0012,,,,,32,2620:1ec:c11::200,,,2620:1ec:c11::200,,6,86,1654016695.114052000,Timestamps,1,295742416,SEQ/ACK analysis,,,1,64947,1,0,0,0,0,0,0,0,·······A··S·,1,0,1,,443,,0,3472273457,443,1,0,65535,,65535,TCP,0x0b745e,48,6,6,32,0x00000000,0,0,Expert Info (Chat/Sequence): Connection establish acknowledge (SYN+ACK): server port 443,33554432,Connection establish acknowledge (SYN+ACK): server port 443,2097152,,2,4,02:04:05:78:01:03:03:08:01:01:04:02,02:04:05:78,1400,01,04:02,03:03:08,256,8,0.052208000,2,,,,,,,,Connection establish acknowledge (SYN+ACK): server port 443,
67,"Packet (Length: 86)
",86,data,tcp.,tcp,2620:1ec:c11::200,5028696,"Chicony Electronics Co., Ltd.",4c:bb:58:22:09:85,2400:1a00:b040:4c18:4da6:e41a:197f:3b19,0,0,5028696,"Chicony Electronics Co., Ltd.",4c:bb:58:22:09:85,0,tcp,0,2620:1ec:c11::200,0,0,12863738,Taicang T&W Electronics,c4:48:fa:02:49:70,0x86dd,86,1,0,Wi-Fi,0,\Device\NPF_{34FF6F81-D543-4DD1-86B8-7F59BCF8569A},0,0,4,0.000000000,eth:ethertype:ipv6:tcp,"May 31, 2022 22:49:55.114052000 Nepal Standard Time",0.052208000,0.033449000,1654016695.114052000,0.052208000,TCP,0x3c65,2,,,,2400:1a00:b040:4c18:4da6:e41a:197f:3b19,0x0012,,,,,32,2620:1ec:c11::200,,,2620:1ec:c11::200,,6,86,1654016695.114052000,Timestamps,1,295742416,SEQ/ACK analysis,,,1,64947,1,0,0,0,0,0,0,0,·······A··S·,1,0,1,,443,,0,3472273457,443,1,0,65535,,65535,TCP,0x0b745e,48,6,6,32,0x00000000,0,0,Expert Info (Chat/Sequence): Connection establish acknowledge (SYN+ACK): server port 443,33554432,Connection establish acknowledge (SYN+ACK): server port 443,2097152,,2,4,02:04:05:78:01:03:03:08:01:01:04:02,02:04:05:78,1400,01,04:02,03:03:08,256,8,0.052208000,2,,,,,,,,Connection establish acknowledge (SYN+ACK): server port 443,
68,"Packet (Length: 86)
",86,data,tcp.,tcp,2620:1ec:c11::200,5028696,"Chicony Electronics Co., Ltd.",4c:bb:58:22:09:85,2400:1a00:b040:4c18:4da6:e41a:197f:3b19,0,0,5028696,"Chicony Electronics Co., Ltd.",4c:bb:58:22:09:85,0,tcp,0,2620:1ec:c11::200,0,0,12863738,Taicang T&W Electronics,c4:48:fa:02:49:70,0x86dd,86,1,0,Wi-Fi,0,\Device\NPF_{34FF6F81-D543-4DD1-86B8-7F59BCF8569A},0,0,4,0.000000000,eth:ethertype:ipv6:tcp,"May 31, 2022 22:49:55.114052000 Nepal Standard Time",0.052208000,0.033449000,1654016695.114052000,0.052208000,TCP,0x3c65,2,,,,2400:1a00:b040:4c18:4da6:e41a:197f:3b19,0x0012,,,,,32,2620:1ec:c11::200,,,2620:1ec:c11::200,,6,86,1654016695.114052000,Timestamps,1,295742416,SEQ/ACK analysis,,,1,64947,1,0,0,0,0,0,0,0,·······A··S·,1,0,1,,443,,0,3472273457,443,1,0,65535,,65535,TCP,0x0b745e,48,6,6,32,0x00000000,0,0,Expert Info (Chat/Sequence): Connection establish acknowledge (SYN+ACK): server port 443,33554432,Connection establish acknowledge (SYN+ACK): server port 443,2097152,,2,4,02:04:05:78:01:03:03:08:01:01:04:02,02:04:05:78,1400,01,04:02,03:03:08,256,8,0.052208000,2,,,,,,,,Connection establish acknowledge (SYN+ACK): server port 443,
69,"Packet (Length: 86)
",86,data,tcp.,tcp,2620:1ec:c11::200,5028696,"Chicony Electronics Co., Ltd.",4c:bb:58:22:09:85,2400:1a00:b040:4c18:4da6:e41a:197f:3b19,0,0,5028696,"Chicony Electronics Co., Ltd.",4c:bb:58:22:09:85,0,tcp,0,2620:1ec:c11::200,0,0,12863738,Taicang T&W Electronics,c4:48:fa:02:49:70,0x86dd,86,1,0,Wi-Fi,0,\Device\NPF_{34FF6F81-D543-4DD1-86B8-7F59BCF8569A},0,0,4,0.000000000,eth:ethertype:ipv6:tcp,"May 31, 2022 22:49:55.114052000 Nepal Standard Time",0.052208000,0.033449000,1654016695.114052000,0.052208000,TCP,0x3c65,2,,,,2400:1a00:b040:4c18:4da6:e41a:197f:3b19,0x0012,,,,,32,2620:1ec:c11::200,,,2620:1ec:c11::200,,6,86,1654016695.114052000,Timestamps,1,295742416,SEQ/ACK analysis,,,1,64947,1,0,0,0,0,0,0,0,·······A··S·,1,0,1,,443,,0,3472273457,443,1,0,65535,,65535,TCP,0x0b745e,48,6,6,32,0x00000000,0,0,Expert Info (Chat/Sequence): Connection establish acknowledge (SYN+ACK): server port 443,33554432,Connection establish acknowledge (SYN+ACK): server port 443,2097152,,2,4,02:04:05:78:01:03:03:08:01:01:04:02,02:04:05:78,1400,01,04:02,03:03:08,256,8,0.052208000,2,,,,,,,,Connection establish acknowledge (SYN+ACK): server port 443,
70,"Packet (Length: 86)
",86,data,tcp.,tcp,2620:1ec:c11::200,5028696,"Chicony Electronics Co., Ltd.",4c:bb:58:22:09:85,2400:1a00:b040:4c18:4da6:e41a:197f:3b19,0,0,5028696,"Chicony Electronics Co., Ltd.",4c:bb:58:22:09:85,0,tcp,0,2620:1ec:c11::200,0,0,12863738,Taicang T&W Electronics,c4:48:fa:02:49:70,0x86dd,86,1,0,Wi-Fi,0,\Device\NPF_{34FF6F81-D543-4DD1-86B8-7F59BCF8569A},0,0,4,0.000000000,eth:ethertype:ipv6:tcp,"May 31, 2022 22:49:55.114052000 Nepal Standard Time",0.052208000,0.033449000,1654016695.114052000,0.052208000,TCP,0x3c65,2,,,,2400:1a00:b040:4c18:4da6:e41a:197f:3b19,0x0012,,,,,32,2620:1ec:c11::200,,,2620:1ec:c11::200,,6,86,1654016695.114052000,Timestamps,1,295742416,SEQ/ACK analysis,,,1,64947,1,0,0,0,0,0,0,0,·······A··S·,1,0,1,,443,,0,3472273457,443,1,0,65535,,65535,TCP,0x0b745e,48,6,6,32,0x00000000,0,0,Expert Info (Chat/Sequence): Connection establish acknowledge (SYN+ACK): server port 443,33554432,Connection establish acknowledge (SYN+ACK): server port 443,2097152,,2,4,02:04:05:78:01:03:03:08:01:01:04:02,02:04:05:78,1400,01,04:02,03:03:08,256,8,0.052208000,2,,,,,,,,Connection establish acknowledge (SYN+ACK): server port 443,
71,"Packet (Length: 86)
",86,data,tcp.,tcp,2620:1ec:c11::200,5028696,"Chicony Electronics Co., Ltd.",4c:bb:58:22:09:85,2400:1a00:b040:4c18:4da6:e41a:197f:3b19,0,0,5028696,"Chicony Electronics Co., Ltd.",4c:bb:58:22:09:85,0,tcp,0,2620:1ec:c11::200,0,0,12863738,Taicang T&W Electronics,c4:48:fa:02:49:70,0x86dd,86,1,0,Wi-Fi,0,\Device\NPF_{34FF6F81-D543-4DD1-86B8-7F59BCF8569A},0,0,4,0.000000000,eth:ethertype:ipv6:tcp,"May 31, 2022 22:49:55.114052000 Nepal Standard Time",0.052208000,0.033449000,1654016695.114052000,0.052208000,TCP,0x3c65,2,,,,2400:1a00:b040:4c18:4da6:e41a:197f:3b19,0x0012,,,,,32,2620:1ec:c11::200,,,2620:1ec:c11::200,,6,86,1654016695.114052000,Timestamps,1,295742416,SEQ/ACK analysis,,,1,64947,1,0,0,0,0,0,0,0,·······A··S·,1,0,1,,443,,0,3472273457,443,1,0,65535,,65535,TCP,0x0b745e,48,6,6,32,0x00000000,0,0,Expert Info (Chat/Sequence): Connection establish acknowledge (SYN+ACK): server port 443,33554432,Connection establish acknowledge (SYN+ACK): server port 443,2097152,,2,4,02:04:05:78:01:03:03:08:01:01:04:02,02:04:05:78,1400,01,04:02,03:03:08,256,8,0.052208000,2,,,,,,,,Connection establish acknowledge (SYN+ACK): server port 443,
72,"Packet (Length: 86)
",86,data,tcp.,tcp,2620:1ec:c11::200,5028696,"Chicony Electronics Co., Ltd.",4c:bb:58:22:09:85,2400:1a00:b040:4c18:4da6:e41a:197f:3b19,0,0,5028696,"Chicony Electronics Co., Ltd.",4c:bb:58:22:09:85,0,tcp,0,2620:1ec:c11::200,0,0,12863738,Taicang T&W Electronics,c4:48:fa:02:49:70,0x86dd,86,1,0,Wi-Fi,0,\Device\NPF_{34FF6F81-D543-4DD1-86B8-7F59BCF8569A},0,0,4,0.000000000,eth:ethertype:ipv6:tcp,"May 31, 2022 22:49:55.114052000 Nepal Standard Time",0.052208000,0.033449000,1654016695.114052000,0.052208000,TCP,0x3c65,2,,,,2400:1a00:b040:4c18:4da6:e41a:197f:3b19,0x0012,,,,,32,2620:1ec:c11::200,,,2620:1ec:c11::200,,6,86,1654016695.114052000,Timestamps,1,295742416,SEQ/ACK analysis,,,1,64947,1,0,0,0,0,0,0,0,·······A··S·,1,0,1,,443,,0,3472273457,443,1,0,65535,,65535,TCP,0x0b745e,48,6,6,32,0x00000000,0,0,Expert Info (Chat/Sequence): Connection establish acknowledge (SYN+ACK): server port 443,33554432,Connection establish acknowledge (SYN+ACK): server port 443,2097152,,2,4,02:04:05:78:01:03:03:08:01:01:04:02,02:04:05:78,1400,01,04:02,03:03:08,256,8,0.052208000,2,,,,,,,,Connection establish acknowledge (SYN+ACK): server port 443,
73,"Packet (Length: 74)
",74,data,tcp.,tcp,2400:1a00:b040:4c18:4da6:e41a:197f:3b19,12863738,Taicang T&W Electronics,c4:48:fa:02:49:70,2620:1ec:c11::200,0,0,12863738,Taicang T&W Electronics,c4:48:fa:02:49:70,0,tcp,0,2400:1a00:b040:4c18:4da6:e41a:197f:3b19,0,0,5028696,"Chicony Electronics Co., Ltd.",4c:bb:58:22:09:85,0x86dd,74,1,0,Wi-Fi,0,\Device\NPF_{34FF6F81-D543-4DD1-86B8-7F59BCF8569A},0,0,5,0.000000000,eth:ethertype:ipv6:tcp,"May 31, 2022 22:49:55.114155000 Nepal Standard Time",0.000103000,0.000103000,1654016695.114155000,0.052311000,TCP,0x78fc,2,,,,2620:1ec:c11::200,0x0010,,,,,20,2400:1a00:b040:4c18:4da6:e41a:197f:3b19,,,2400:1a00:b040:4c18:4da6:e41a:197f:3b19,,6,74,1654016695.114155000,Timestamps,1,3472273458,SEQ/ACK analysis,,,3,443,1,0,0,0,0,0,0,0,·······A····,0,0,1,,64947,,1,295742416,64947,1,0,262144,256,1024,TCP,0x07dee1,64,6,6,20,0x00000000,0,0,,,,,,,,,,,,,,,,0.000103000,4,,,,,,,,,0.052311000
74,"Packet (Length: 74)
",74,data,tcp.,tcp,2400:1a00:b040:4c18:4da6:e41a:197f:3b19,12863738,Taicang T&W Electronics,c4:48:fa:02:49:70,2620:1ec:c11::200,0,0,12863738,Taicang T&W Electronics,c4:48:fa:02:49:70,0,tcp,0,2400:1a00:b040:4c18:4da6:e41a:197f:3b19,0,0,5028696,"Chicony Electronics Co., Ltd.",4c:bb:58:22:09:85,0x86dd,74,1,0,Wi-Fi,0,\Device\NPF_{34FF6F81-D543-4DD1-86B8-7F59BCF8569A},0,0,5,0.000000000,eth:ethertype:ipv6:tcp,"May 31, 2022 22:49:55.114155000 Nepal Standard Time",0.000103000,0.000103000,1654016695.114155000,0.052311000,TCP,0x78fc,2,,,,2620:1ec:c11::200,0x0010,,,,,20,2400:1a00:b040:4c18:4da6:e41a:197f:3b19,,,2400:1a00:b040:4c18:4da6:e41a:197f:3b19,,6,74,1654016695.114155000,Timestamps,1,3472273458,SEQ/ACK analysis,,,3,443,1,0,0,0,0,0,0,0,·······A····,0,0,1,,64947,,1,295742416,64947,1,0,262144,256,1024,TCP,0x07dee1,64,6,6,20,0x00000000,0,0,,,,,,,,,,,,,,,,0.000103000,4,,,,,,,,,0.052311000
75,"Packet (Length: 74)
",74,data,tcp.,tcp,2400:1a00:b040:4c18:4da6:e41a:197f:3b19,12863738,Taicang T&W Electronics,c4:48:fa:02:49:70,2620:1ec:c11::200,0,0,12863738,Taicang T&W Electronics,c4:48:fa:02:49:70,0,tcp,0,2400:1a00:b040:4c18:4da6:e41a:197f:3b19,0,0,5028696,"Chicony Electronics Co., Ltd.",4c:bb:58:22:09:85,0x86dd,74,1,0,Wi-Fi,0,\Device\NPF_{34FF6F81-D543-4DD1-86B8-7F59BCF8569A},0,0,5,0.000000000,eth:ethertype:ipv6:tcp,"May 31, 2022 22:49:55.114155000 Nepal Standard Time",0.000103000,0.000103000,1654016695.114155000,0.052311000,TCP,0x78fc,2,,,,2620:1ec:c11::200,0x0010,,,,,20,2400:1a00:b040:4c18:4da6:e41a:197f:3b19,,,2400:1a00:b040:4c18:4da6:e41a:197f:3b19,,6,74,1654016695.114155000,Timestamps,1,3472273458,SEQ/ACK analysis,,,3,443,1,0,0,0,0,0,0,0,·······A····,0,0,1,,64947,,1,295742416,64947,1,0,262144,256,1024,TCP,0x07dee1,64,6,6,20,0x00000000,0,0,,,,,,,,,,,,,,,,0.000103000,4,,,,,,,,,0.052311000
76,"Packet (Length: 74)
",74,data,tcp.,tcp,2400:1a00:b040:4c18:4da6:e41a:197f:3b19,12863738,Taicang T&W Electronics,c4:48:fa:02:49:70,2620:1ec:c11::200,0,0,12863738,Taicang T&W Electronics,c4:48:fa:02:49:70,0,tcp,0,2400:1a00:b040:4c18:4da6:e41a:197f:3b19,0,0,5028696,"Chicony Electronics Co., Ltd.",4c:bb:58:22:09:85,0x86dd,74,1,0,Wi-Fi,0,\Device\NPF_{34FF6F81-D543-4DD1-86B8-7F59BCF8569A},0,0,5,0.000000000,eth:ethertype:ipv6:tcp,"May 31, 2022 22:49:55.114155000 Nepal Standard Time",0.000103000,0.000103000,1654016695.114155000,0.052311000,TCP,0x78fc,2,,,,2620:1ec:c11::200,0x0010,,,,,20,2400:1a00:b040:4c18:4da6:e41a:197f:3b19,,,2400:1a00:b040:4c18:4da6:e41a:197f:3b19,,6,74,1654016695.114155000,Timestamps,1,3472273458,SEQ/ACK analysis,,,3,443,1,0,0,0,0,0,0,0,·······A····,0,0,1,,64947,,1,295742416,64947,1,0,262144,256,1024,TCP,0x07dee1,64,6,6,20,0x00000000,0,0,,,,,,,,,,,,,,,,0.000103000,4,,,,,,,,,0.052311000
77,"Packet (Length: 74)
",74,data,tcp.,tcp,2400:1a00:b040:4c18:4da6:e41a:197f:3b19,12863738,Taicang T&W Electronics,c4:48:fa:02:49:70,2620:1ec:c11::200,0,0,12863738,Taicang T&W Electronics,c4:48:fa:02:49:70,0,tcp,0,2400:1a00:b040:4c18:4da6:e41a:197f:3b19,0,0,5028696,"Chicony Electronics Co., Ltd.",4c:bb:58:22:09:85,0x86dd,74,1,0,Wi-Fi,0,\Device\NPF_{34FF6F81-D543-4DD1-86B8-7F59BCF8569A},0,0,5,0.000000000,eth:ethertype:ipv6:tcp,"May 31, 2022 22:49:55.114155000 Nepal Standard Time",0.000103000,0.000103000,1654016695.114155000,0.052311000,TCP,0x78fc,2,,,,2620:1ec:c11::200,0x0010,,,,,20,2400:1a00:b040:4c18:4da6:e41a:197f:3b19,,,2400:1a00:b040:4c18:4da6:e41a:197f:3b19,,6,74,1654016695.114155000,Timestamps,1,3472273458,SEQ/ACK analysis,,,3,443,1,0,0,0,0,0,0,0,·······A····,0,0,1,,64947,,1,295742416,64947,1,0,262144,256,1024,TCP,0x07dee1,64,6,6,20,0x00000000,0,0,,,,,,,,,,,,,,,,0.000103000,4,,,,,,,,,0.052311000
78,"Packet (Length: 74)
",74,data,tcp.,tcp,2400:1a00:b040:4c18:4da6:e41a:197f:3b19,12863738,Taicang T&W Electronics,c4:48:fa:02:49:70,2620:1ec:c11::200,0,0,12863738,Taicang T&W Electronics,c4:48:fa:02:49:70,0,tcp,0,2400:1a00:b040:4c18:4da6:e41a:197f:3b19,0,0,5028696,"Chicony Electronics Co., Ltd.",4c:bb:58:22:09:85,0x86dd,74,1,0,Wi-Fi,0,\Device\NPF_{34FF6F81-D543-4DD1-86B8-7F59BCF8569A},0,0,5,0.000000000,eth:ethertype:ipv6:tcp,"May 31, 2022 22:49:55.114155000 Nepal Standard Time",0.000103000,0.000103000,1654016695.114155000,0.052311000,TCP,0x78fc,2,,,,2620:1ec:c11::200,0x0010,,,,,20,2400:1a00:b040:4c18:4da6:e41a:197f:3b19,,,2400:1a00:b040:4c18:4da6:e41a:197f:3b19,,6,74,1654016695.114155000,Timestamps,1,3472273458,SEQ/ACK analysis,,,3,443,1,0,0,0,0,0,0,0,·······A····,0,0,1,,64947,,1,295742416,64947,1,0,262144,256,1024,TCP,0x07dee1,64,6,6,20,0x00000000,0,0,,,,,,,,,,,,,,,,0.000103000,4,,,,,,,,,0.052311000
79,"Packet (Length: 74)
",74,data,tcp.,tcp,2400:1a00:b040:4c18:4da6:e41a:197f:3b19,12863738,Taicang T&W Electronics,c4:48:fa:02:49:70,2620:1ec:c11::200,0,0,12863738,Taicang T&W Electronics,c4:48:fa:02:49:70,0,tcp,0,2400:1a00:b040:4c18:4da6:e41a:197f:3b19,0,0,5028696,"Chicony Electronics Co., Ltd.",4c:bb:58:22:09:85,0x86dd,74,1,0,Wi-Fi,0,\Device\NPF_{34FF6F81-D543-4DD1-86B8-7F59BCF8569A},0,0,5,0.000000000,eth:ethertype:ipv6:tcp,"May 31, 2022 22:49:55.114155000 Nepal Standard Time",0.000103000,0.000103000,1654016695.114155000,0.052311000,TCP,0x78fc,2,,,,2620:1ec:c11::200,0x0010,,,,,20,2400:1a00:b040:4c18:4da6:e41a:197f:3b19,,,2400:1a00:b040:4c18:4da6:e41a:197f:3b19,,6,74,1654016695.114155000,Timestamps,1,3472273458,SEQ/ACK analysis,,,3,443,1,0,0,0,0,0,0,0,·······A····,0,0,1,,64947,,1,295742416,64947,1,0,262144,256,1024,TCP,0x07dee1,64,6,6,20,0x00000000,0,0,,,,,,,,,,,,,,,,0.000103000,4,,,,,,,,,0.052311000
80,"Packet (Length: 74)
",74,data,tcp.,tcp,2400:1a00:b040:4c18:4da6:e41a:197f:3b19,12863738,Taicang T&W Electronics,c4:48:fa:02:49:70,2620:1ec:c11::200,0,0,12863738,Taicang T&W Electronics,c4:48:fa:02:49:70,0,tcp,0,2400:1a00:b040:4c18:4da6:e41a:197f:3b19,0,0,5028696,"Chicony Electronics Co., Ltd.",4c:bb:58:22:09:85,0x86dd,74,1,0,Wi-Fi,0,\Device\NPF_{34FF6F81-D543-4DD1-86B8-7F59BCF8569A},0,0,5,0.000000000,eth:ethertype:ipv6:tcp,"May 31, 2022 22:49:55.114155000 Nepal Standard Time",0.000103000,0.000103000,1654016695.114155000,0.052311000,TCP,0x78fc,2,,,,2620:1ec:c11::200,0x0010,,,,,20,2400:1a00:b040:4c18:4da6:e41a:197f:3b19,,,2400:1a00:b040:4c18:4da6:e41a:197f:3b19,,6,74,1654016695.114155000,Timestamps,1,3472273458,SEQ/ACK analysis,,,3,443,1,0,0,0,0,0,0,0,·······A····,0,0,1,,64947,,1,295742416,64947,1,0,262144,256,1024,TCP,0x07dee1,64,6,6,20,0x00000000,0,0,,,,,,,,,,,,,,,,0.000103000,4,,,,,,,,,0.052311000
81,"Packet (Length: 74)
",74,data,tcp.,tcp,2400:1a00:b040:4c18:4da6:e41a:197f:3b19,12863738,Taicang T&W Electronics,c4:48:fa:02:49:70,2620:1ec:c11::200,0,0,12863738,Taicang T&W Electronics,c4:48:fa:02:49:70,0,tcp,0,2400:1a00:b040:4c18:4da6:e41a:197f:3b19,0,0,5028696,"Chicony Electronics Co., Ltd.",4c:bb:58:22:09:85,0x86dd,74,1,0,Wi-Fi,0,\Device\NPF_{34FF6F81-D543-4DD1-86B8-7F59BCF8569A},0,0,5,0.000000000,eth:ethertype:ipv6:tcp,"May 31, 2022 22:49:55.114155000 Nepal Standard Time",0.000103000,0.000103000,1654016695.114155000,0.052311000,TCP,0x78fc,2,,,,2620:1ec:c11::200,0x0010,,,,,20,2400:1a00:b040:4c18:4da6:e41a:197f:3b19,,,2400:1a00:b040:4c18:4da6:e41a:197f:3b19,,6,74,1654016695.114155000,Timestamps,1,3472273458,SEQ/ACK analysis,,,3,443,1,0,0,0,0,0,0,0,·······A····,0,0,1,,64947,,1,295742416,64947,1,0,262144,256,1024,TCP,0x07dee1,64,6,6,20,0x00000000,0,0,,,,,,,,,,,,,,,,0.000103000,4,,,,,,,,,0.052311000
82,"Packet (Length: 74)
",74,data,tcp.,tcp,2400:1a00:b040:4c18:4da6:e41a:197f:3b19,12863738,Taicang T&W Electronics,c4:48:fa:02:49:70,2620:1ec:c11::200,0,0,12863738,Taicang T&W Electronics,c4:48:fa:02:49:70,0,tcp,0,2400:1a00:b040:4c18:4da6:e41a:197f:3b19,0,0,5028696,"Chicony Electronics Co., Ltd.",4c:bb:58:22:09:85,0x86dd,74,1,0,Wi-Fi,0,\Device\NPF_{34FF6F81-D543-4DD1-86B8-7F59BCF8569A},0,0,5,0.000000000,eth:ethertype:ipv6:tcp,"May 31, 2022 22:49:55.114155000 Nepal Standard Time",0.000103000,0.000103000,1654016695.114155000,0.052311000,TCP,0x78fc,2,,,,2620:1ec:c11::200,0x0010,,,,,20,2400:1a00:b040:4c18:4da6:e41a:197f:3b19,,,2400:1a00:b040:4c18:4da6:e41a:197f:3b19,,6,74,1654016695.114155000,Timestamps,1,3472273458,SEQ/ACK analysis,,,3,443,1,0,0,0,0,0,0,0,·······A····,0,0,1,,64947,,1,295742416,64947,1,0,262144,256,1024,TCP,0x07dee1,64,6,6,20,0x00000000,0,0,,,,,,,,,,,,,,,,0.000103000,4,,,,,,,,,0.052311000
83,"Packet (Length: 74)
",74,data,tcp.,tcp,2400:1a00:b040:4c18:4da6:e41a:197f:3b19,12863738,Taicang T&W Electronics,c4:48:fa:02:49:70,2620:1ec:c11::200,0,0,12863738,Taicang T&W Electronics,c4:48:fa:02:49:70,0,tcp,0,2400:1a00:b040:4c18:4da6:e41a:197f:3b19,0,0,5028696,"Chicony Electronics Co., Ltd.",4c:bb:58:22:09:85,0x86dd,74,1,0,Wi-Fi,0,\Device\NPF_{34FF6F81-D543-4DD1-86B8-7F59BCF8569A},0,0,5,0.000000000,eth:ethertype:ipv6:tcp,"May 31, 2022 22:49:55.114155000 Nepal Standard Time",0.000103000,0.000103000,1654016695.114155000,0.052311000,TCP,0x78fc,2,,,,2620:1ec:c11::200,0x0010,,,,,20,2400:1a00:b040:4c18:4da6:e41a:197f:3b19,,,2400:1a00:b040:4c18:4da6:e41a:197f:3b19,,6,74,1654016695.114155000,Timestamps,1,3472273458,SEQ/ACK analysis,,,3,443,1,0,0,0,0,0,0,0,·······A····,0,0,1,,64947,,1,295742416,64947,1,0,262144,256,1024,TCP,0x07dee1,64,6,6,20,0x00000000,0,0,,,,,,,,,,,,,,,,0.000103000,4,,,,,,,,,0.052311000
84,"Packet (Length: 74)
",74,data,tcp.,tcp,2400:1a00:b040:4c18:4da6:e41a:197f:3b19,12863738,Taicang T&W Electronics,c4:48:fa:02:49:70,2620:1ec:c11::200,0,0,12863738,Taicang T&W Electronics,c4:48:fa:02:49:70,0,tcp,0,2400:1a00:b040:4c18:4da6:e41a:197f:3b19,0,0,5028696,"Chicony Electronics Co., Ltd.",4c:bb:58:22:09:85,0x86dd,74,1,0,Wi-Fi,0,\Device\NPF_{34FF6F81-D543-4DD1-86B8-7F59BCF8569A},0,0,5,0.000000000,eth:ethertype:ipv6:tcp,"May 31, 2022 22:49:55.114155000 Nepal Standard Time",0.000103000,0.000103000,1654016695.114155000,0.052311000,TCP,0x78fc,2,,,,2620:1ec:c11::200,0x0010,,,,,20,2400:1a00:b040:4c18:4da6:e41a:197f:3b19,,,2400:1a00:b040:4c18:4da6:e41a:197f:3b19,,6,74,1654016695.114155000,Timestamps,1,3472273458,SEQ/ACK analysis,,,3,443,1,0,0,0,0,0,0,0,·······A····,0,0,1,,64947,,1,295742416,64947,1,0,262144,256,1024,TCP,0x07dee1,64,6,6,20,0x00000000,0,0,,,,,,,,,,,,,,,,0.000103000,4,,,,,,,,,0.052311000
85,"Packet (Length: 74)
",74,data,tcp.,tcp,2400:1a00:b040:4c18:4da6:e41a:197f:3b19,12863738,Taicang T&W Electronics,c4:48:fa:02:49:70,2620:1ec:c11::200,0,0,12863738,Taicang T&W Electronics,c4:48:fa:02:49:70,0,tcp,0,2400:1a00:b040:4c18:4da6:e41a:197f:3b19,0,0,5028696,"Chicony Electronics Co., Ltd.",4c:bb:58:22:09:85,0x86dd,74,1,0,Wi-Fi,0,\Device\NPF_{34FF6F81-D543-4DD1-86B8-7F59BCF8569A},0,0,5,0.000000000,eth:ethertype:ipv6:tcp,"May 31, 2022 22:49:55.114155000 Nepal Standard Time",0.000103000,0.000103000,1654016695.114155000,0.052311000,TCP,0x78fc,2,,,,2620:1ec:c11::200,0x0010,,,,,20,2400:1a00:b040:4c18:4da6:e41a:197f:3b19,,,2400:1a00:b040:4c18:4da6:e41a:197f:3b19,,6,74,1654016695.114155000,Timestamps,1,3472273458,SEQ/ACK analysis,,,3,443,1,0,0,0,0,0,0,0,·······A····,0,0,1,,64947,,1,295742416,64947,1,0,262144,256,1024,TCP,0x07dee1,64,6,6,20,0x00000000,0,0,,,,,,,,,,,,,,,,0.000103000,4,,,,,,,,,0.052311000
86,"Packet (Length: 74)
",74,data,tcp.,tcp,2400:1a00:b040:4c18:4da6:e41a:197f:3b19,12863738,Taicang T&W Electronics,c4:48:fa:02:49:70,2620:1ec:c11::200,0,0,12863738,Taicang T&W Electronics,c4:48:fa:02:49:70,0,tcp,0,2400:1a00:b040:4c18:4da6:e41a:197f:3b19,0,0,5028696,"Chicony Electronics Co., Ltd.",4c:bb:58:22:09:85,0x86dd,74,1,0,Wi-Fi,0,\Device\NPF_{34FF6F81-D543-4DD1-86B8-7F59BCF8569A},0,0,5,0.000000000,eth:ethertype:ipv6:tcp,"May 31, 2022 22:49:55.114155000 Nepal Standard Time",0.000103000,0.000103000,1654016695.114155000,0.052311000,TCP,0x78fc,2,,,,2620:1ec:c11::200,0x0010,,,,,20,2400:1a00:b040:4c18:4da6:e41a:197f:3b19,,,2400:1a00:b040:4c18:4da6:e41a:197f:3b19,,6,74,1654016695.114155000,Timestamps,1,3472273458,SEQ/ACK analysis,,,3,443,1,0,0,0,0,0,0,0,·······A····,0,0,1,,64947,,1,295742416,64947,1,0,262144,256,1024,TCP,0x07dee1,64,6,6,20,0x00000000,0,0,,,,,,,,,,,,,,,,0.000103000,4,,,,,,,,,0.052311000
87,"Packet (Length: 74)
",74,data,tcp.,tcp,2400:1a00:b040:4c18:4da6:e41a:197f:3b19,12863738,Taicang T&W Electronics,c4:48:fa:02:49:70,2620:1ec:c11::200,0,0,12863738,Taicang T&W Electronics,c4:48:fa:02:49:70,0,tcp,0,2400:1a00:b040:4c18:4da6:e41a:197f:3b19,0,0,5028696,"Chicony Electronics Co., Ltd.",4c:bb:58:22:09:85,0x86dd,74,1,0,Wi-Fi,0,\Device\NPF_{34FF6F81-D543-4DD1-86B8-7F59BCF8569A},0,0,5,0.000000000,eth:ethertype:ipv6:tcp,"May 31, 2022 22:49:55.114155000 Nepal Standard Time",0.000103000,0.000103000,1654016695.114155000,0.052311000,TCP,0x78fc,2,,,,2620:1ec:c11::200,0x0010,,,,,20,2400:1a00:b040:4c18:4da6:e41a:197f:3b19,,,2400:1a00:b040:4c18:4da6:e41a:197f:3b19,,6,74,1654016695.114155000,Timestamps,1,3472273458,SEQ/ACK analysis,,,3,443,1,0,0,0,0,0,0,0,·······A····,0,0,1,,64947,,1,295742416,64947,1,0,262144,256,1024,TCP,0x07dee1,64,6,6,20,0x00000000,0,0,,,,,,,,,,,,,,,,0.000103000,4,,,,,,,,,0.052311000
88,"Packet (Length: 74)
",74,data,tcp.,tcp,2400:1a00:b040:4c18:4da6:e41a:197f:3b19,12863738,Taicang T&W Electronics,c4:48:fa:02:49:70,2620:1ec:c11::200,0,0,12863738,Taicang T&W Electronics,c4:48:fa:02:49:70,0,tcp,0,2400:1a00:b040:4c18:4da6:e41a:197f:3b19,0,0,5028696,"Chicony Electronics Co., Ltd.",4c:bb:58:22:09:85,0x86dd,74,1,0,Wi-Fi,0,\Device\NPF_{34FF6F81-D543-4DD1-86B8-7F59BCF8569A},0,0,5,0.000000000,eth:ethertype:ipv6:tcp,"May 31, 2022 22:49:55.114155000 Nepal Standard Time",0.000103000,0.000103000,1654016695.114155000,0.052311000,TCP,0x78fc,2,,,,2620:1ec:c11::200,0x0010,,,,,20,2400:1a00:b040:4c18:4da6:e41a:197f:3b19,,,2400:1a00:b040:4c18:4da6:e41a:197f:3b19,,6,74,1654016695.114155000,Timestamps,1,3472273458,SEQ/ACK analysis,,,3,443,1,0,0,0,0,0,0,0,·······A····,0,0,1,,64947,,1,295742416,64947,1,0,262144,256,1024,TCP,0x07dee1,64,6,6,20,0x00000000,0,0,,,,,,,,,,,,,,,,0.000103000,4,,,,,,,,,0.052311000
89,"Packet (Length: 74)
",74,data,tcp.,tcp,2400:1a00:b040:4c18:4da6:e41a:197f:3b19,12863738,Taicang T&W Electronics,c4:48:fa:02:49:70,2620:1ec:c11::200,0,0,12863738,Taicang T&W Electronics,c4:48:fa:02:49:70,0,tcp,0,2400:1a00:b040:4c18:4da6:e41a:197f:3b19,0,0,5028696,"Chicony Electronics Co., Ltd.",4c:bb:58:22:09:85,0x86dd,74,1,0,Wi-Fi,0,\Device\NPF_{34FF6F81-D543-4DD1-86B8-7F59BCF8569A},0,0,5,0.000000000,eth:ethertype:ipv6:tcp,"May 31, 2022 22:49:55.114155000 Nepal Standard Time",0.000103000,0.000103000,1654016695.114155000,0.052311000,TCP,0x78fc,2,,,,2620:1ec:c11::200,0x0010,,,,,20,2400:1a00:b040:4c18:4da6:e41a:197f:3b19,,,2400:1a00:b040:4c18:4da6:e41a:197f:3b19,,6,74,1654016695.114155000,Timestamps,1,3472273458,SEQ/ACK analysis,,,3,443,1,0,0,0,0,0,0,0,·······A····,0,0,1,,64947,,1,295742416,64947,1,0,262144,256,1024,TCP,0x07dee1,64,6,6,20,0x00000000,0,0,,,,,,,,,,,,,,,,0.000103000,4,,,,,,,,,0.052311000
90,"Packet (Length: 74)
",74,data,tcp.,tcp,2400:1a00:b040:4c18:4da6:e41a:197f:3b19,12863738,Taicang T&W Electronics,c4:48:fa:02:49:70,2620:1ec:c11::200,0,0,12863738,Taicang T&W Electronics,c4:48:fa:02:49:70,0,tcp,0,2400:1a00:b040:4c18:4da6:e41a:197f:3b19,0,0,5028696,"Chicony Electronics Co., Ltd.",4c:bb:58:22:09:85,0x86dd,74,1,0,Wi-Fi,0,\Device\NPF_{34FF6F81-D543-4DD1-86B8-7F59BCF8569A},0,0,5,0.000000000,eth:ethertype:ipv6:tcp,"May 31, 2022 22:49:55.114155000 Nepal Standard Time",0.000103000,0.000103000,1654016695.114155000,0.052311000,TCP,0x78fc,2,,,,2620:1ec:c11::200,0x0010,,,,,20,2400:1a00:b040:4c18:4da6:e41a:197f:3b19,,,2400:1a00:b040:4c18:4da6:e41a:197f:3b19,,6,74,1654016695.114155000,Timestamps,1,3472273458,SEQ/ACK analysis,,,3,443,1,0,0,0,0,0,0,0,·······A····,0,0,1,,64947,,1,295742416,64947,1,0,262144,256,1024,TCP,0x07dee1,64,6,6,20,0x00000000,0,0,,,,,,,,,,,,,,,,0.000103000,4,,,,,,,,,0.052311000
